X;week_key;WS_date;WS_ID;WS_week;WS_System_Satisfaction_SP;WS_Base_Time_SP;WS_Tracked_Time_SP;WS_Planned_Time_SP;WS_Withdrawal_SP;WS_Overuse_Information_Overload_SP;WS_Cognitive_Well_Being;WS_Affective_Well_Being_Positive;WS_Affective_Well_Being_Negative;WS_Anger_and_Anxiety;WS_Peer_Satisfaction;WS_Partner_Satisfaction;WS_Performance;WS_Venting_Anger;WS_Interpersonal_Conflict_SP;WS_System_Satisfaction_SP;WS_Routine_Use_SP;WS_Innovative_Use_SP;WS_Cognitive_Flexibility_SP;WS_Gratitude_SP;WS_Use_Habit_SP;WS_Addiction_Scale_SP;WS_Problematic_Use_All;WS_Challenge_IS_Use_Appraisal_SP;WS_Hindrance_IS_Use_Appraisal_SP;WS_IT_Identity_SP;WS_IT_Identity_Threat_Self_Worth_SP;WS_IT_Identity_Threat_Self_Efficacy_SP;WS_IT_Identity_Threat_Self_AuthenticitySP;WS_IT_Mindf_red_weekulness_Altertness_to_Distinction_SP;WS_IT_Mindf_red_weekulness_Awareness_of_Multiple_Perspectives_SP;WS_IT_Mindf_red_weekulness_Openness_to_Novelty_SP;WS_IT_Mindf_red_weekulness_Orientation_to_the_Present_SP
;s-0;2023-05-18;s;0;4;NA;NA;NA;4;4;4;4;4;4;4;4;4;4;4;4;4;4;4;4;4;4;4;4;4;4;4;4;4;4;4;4;4
;2ze615ki-0;2023-05-21;2ze615ki;0;3;210;210;160;1.666666667;2.75;4.333333333;4.5;6;2.75;4;4;5;2.666666667;1.333333333;4.333333333;4.666666667;2;1.4;2.25;2.666666667;1.3;3;2.666666667;2;1.833333333;1;1.333333333;1;1;2.5;1.666666667;2
;qq52peh8-1;2023-05-26;qq52peh8;1;3;9;9;9;2.333333333;1.25;3;1.75;2;3.75;3.333333333;7;3;4.666666667;1;6.333333333;5.333333333;1;1;7;5.333333333;1.4;3;3.333333333;1;5.166666667;1;1;3;1;2;1;1
;1yqt7phg-1;2023-05-27;1yqt7phg;1;7;9;9;9;4;2.75;4.666666667;2.25;2;3;6.666666667;7;4.666666667;1;3;4.666666667;6.666666667;1.333333333;2.6;4.75;5.333333333;2.6;5.5;4.333333333;3.666666667;5;1;2.666666667;1;3.333333333;3.5;3.666666667;2.666666667
;7m7bw33l-1;2023-05-28;7m7bw33l;1;5;9;9;9;4.666666667;2.5;6.333333333;7;4.5;2.25;7;7;4;1.666666667;2;6.333333333;4.666666667;2.333333333;1;4.25;6.666666667;2.8;1;5;4;5;1;2.333333333;3;4.333333333;3;3;1
;11otr2gh-1;2023-05-28;11otr2gh;1;2;9;9;9;2;2.5;6;5;5.25;3;5.666666667;6.333333333;6.666666667;1.666666667;1;6;6;3.666666667;3.6;4.75;4.666666667;2.5;2;5.333333333;4.333333333;4.333333333;1;3;1.666666667;4.666666667;4.5;3.333333333;3.666666667
;tso8ntq4-1;2023-05-28;tso8ntq4;1;3;9;9;9;4;3.25;4;4.25;6;2.5;5;5;4.333333333;2.666666667;1;4;5;4.333333333;4.4;5;4.666666667;4.4;3;1.666666667;5;5;5;5;5;5;5;4.333333333;6
;oagsgy8g-1;2023-05-28;oagsgy8g;1;2;9;9;9;2.666666667;6.75;3.666666667;3.75;2;4.25;5.666666667;3.666666667;1;1.333333333;2.333333333;2;7;5.333333333;2.4;3;7;5.3;4.25;3.666666667;4.666666667;6.166666667;1.333333333;7;6.333333333;2.333333333;2.5;2;2.333333333
;9324scyl-1;2023-05-28;9324scyl;1;3;9;9;9;2.333333333;3;5.666666667;5.25;5.75;1.5;6.333333333;6.666666667;5.333333333;1.333333333;2;3.666666667;3.333333333;3.333333333;2.6;1.5;4;3.1;1.25;2.333333333;3.666666667;4.333333333;1.666666667;2.333333333;1.666666667;3.333333333;2;1;1
;judkv65u-1;2023-05-28;judkv65u;1;4;9;9;9;1;3;6;6;5.5;2.25;5;6;6.333333333;1.333333333;2;5;6;4.666666667;3;3.75;3.333333333;1.1;1.5;2;1;3.833333333;1;1;2;4.333333333;7;6;5
;2soy75gc-1;2023-05-28;2soy75gc;1;6;9;9;9;3.666666667;4;5.666666667;5;2.75;6;6;6.333333333;6;6.333333333;1.333333333;7;6;6;5.6;6;5.666666667;2.4;2.5;6;2.333333333;7;1;1;2;6;6;6;6
;gy0dk4ej-1;2023-05-28;gy0dk4ej;1;4;9;9;9;3;3;4.666666667;4.5;5.5;2;6;6;5;1;1;4;5;1;1;2.75;5;2.5;2.5;4;4;4.166666667;2;3;2;2;4;3;2
;110cu3mn-1;2023-05-28;110cu3mn;1;4;9;9;9;1.666666667;2.75;3.333333333;2;2.75;2.25;5.666666667;3.333333333;2;4;2.666666667;5;6;1;1;2;4.333333333;1.4;2.75;1.666666667;1;3.833333333;4;1.333333333;2;1;1;1;1.666666667
;nrg5izie-1;2023-05-28;nrg5izie;1;4;9;9;9;3.333333333;5;5.333333333;6;5.75;2;5.666666667;6;5;1;3;5;4.333333333;2.666666667;3;4;5;3.5;4.5;5;2;3.333333333;1.666666667;2.666666667;1.333333333;3.666666667;2.5;3.333333333;2.666666667
;u84dgoxj-1;2023-05-28;u84dgoxj;1;5;9;9;9;1.666666667;3.75;4.666666667;4;6;2;6;5.666666667;5;1.666666667;2;5.333333333;5.666666667;4;3;3.75;4.666666667;2;1.75;4.333333333;2;3.5;1.666666667;2;2.333333333;2.666666667;4;2.666666667;4
;2ze615ki-1;2023-05-28;2ze615ki;1;3;180;180;120;2;2.25;4;3;3.75;4.5;2.333333333;2;2.333333333;3.666666667;1.666666667;4;4.333333333;2;1.2;2.5;3;1.7;2.25;3.666666667;2;3.166666667;2;3;1;1.666666667;4;2.666666667;2.666666667
;rctqcmqh-1;2023-05-28;rctqcmqh;1;6;9;9;9;4;5;6;6;7;3;7;NA;5;1.333333333;2;4.666666667;7;1;1;2.25;6;2.3;3;3;4.666666667;3.833333333;1;5;3;1;1;1;1
;1hpx6k84-1;2023-05-28;1hpx6k84;1;7;9;9;9;1;3.25;4.333333333;3;5.25;1.75;5;5.666666667;5.333333333;2.666666667;3;6.666666667;7;5.666666667;1.2;4.5;4;4;6;6;2;5.166666667;1;3.333333333;2.333333333;4;3;1;3.333333333
;z4tjfyag-1;2023-05-28;z4tjfyag;1;1;9;9;9;1;7;4;3.5;6.5;2;5.333333333;5.333333333;3.333333333;1;2;4;5;1;1;2;5;2.4;3.5;6;1;1.666666667;1;1;1;1;1;1;4
;pir7k37c-1;2023-05-28;pir7k37c;1;2;9;9;9;2.666666667;2.25;5;5.5;6.75;1.25;6;6;2;1;2.666666667;5.666666667;4.666666667;1.666666667;1.8;5.5;4;1.9;2.75;1.666666667;1.333333333;3.666666667;1.333333333;2;1.333333333;1.666666667;1.5;1;3.666666667
;lckb6r1n-1;2023-05-28;lckb6r1n;1;4;9;9;9;1.333333333;2.5;3.666666667;3.25;4.5;4;6;7;4;3.333333333;1;4;7;2;2;3;5;1.4;1;4;1.333333333;1.666666667;1;1;1;1;7;4;1
;6g12mrih-1;2023-05-28;6g12mrih;1;4;9;9;9;4;3;6.333333333;6;6;1.25;7;7;5;1;1;4.666666667;5;4;4.2;5;4;3.6;3.25;6;1;4;1;3;3;5;6;6;6
;2323358-1;2023-05-28;2323358;1;5;320;200;260;3;2.75;6;6;6.5;1.25;6.666666667;6.666666667;5.333333333;1.666666667;2.333333333;6;4.666666667;4.666666667;6.2;6.25;5.333333333;1.6;3.25;6;1.666666667;4.333333333;1;2.333333333;2;5;6.5;5.666666667;5
;3o2b1j47-1;2023-05-28;3o2b1j47;1;4;9;9;9;1.666666667;3.5;5.333333333;6;6;2.25;6;6.666666667;6;2.333333333;2;3;5;2.333333333;2;4.5;4;2;2;4.333333333;3;2.833333333;1;2;1.333333333;2;2;2;5
;p2dmw02s-1;2023-05-28;p2dmw02s;1;2;9;9;9;2;1.5;6;6.25;6;1.5;6;7;4.666666667;1;2;5;5;2;2.2;4;3;1.8;2.5;1.333333333;1.333333333;2.166666667;1;1;1;1.666666667;3;2;3
;o1uyl68o-1;2023-05-28;o1uyl68o;1;3;9;9;9;1.333333333;1;6.333333333;5.75;6.5;1;7;7;6;1.333333333;1;4;6;1.333333333;1;1.75;4;1.7;2;3;2;1.666666667;1;1;1;1.666666667;2.5;1;2
;wxuuhz4k-1;2023-05-28;wxuuhz4k;1;2;9;9;9;3;4;2;2.5;2;6.25;3.666666667;1.666666667;2.666666667;3;2.666666667;3.333333333;5;1.333333333;1.8;1.5;5;2.1;1.5;1;1;2.833333333;1;2;2.333333333;1.666666667;3;2;2.333333333
;i3c09wbe-1;2023-05-28;i3c09wbe;1;2;9;9;9;2.666666667;6;4.333333333;3.5;2.75;2.5;5;7;5.666666667;1.333333333;6.333333333;2.666666667;6;2.666666667;3.4;3.75;5.333333333;2.4;3.25;2.666666667;5.333333333;3.833333333;2.666666667;3.333333333;6.333333333;3.333333333;5;3;4
;u4x5lzw2-1;2023-05-28;u4x5lzw2;1;6;9;9;9;2.333333333;7;5.666666667;6.5;5.25;4.5;6;5.666666667;4;3.666666667;2;5;5.666666667;7;6.4;6.25;6.333333333;3.3;4.75;5.333333333;1;5.5;1;1.333333333;4;7;7;7;6
;lh9rzirm-1;2023-05-28;lh9rzirm;1;4;9;9;9;3.333333333;1.75;4.666666667;5;3;1.75;7;7;6;1;1.333333333;4;7;1;1;4;4.333333333;1.3;2.75;4;2;3.666666667;1;1;1;1;4;1;3
;dyfs8gmt-1;2023-05-28;dyfs8gmt;1;6;9;9;9;3;3;6;6;7;2;6;6;6;1;3;6;6;3;3;5;3;2;1.75;6;2;2;2;2;2;3;4;4;5.333333333
;94vj0ftw-1;2023-05-28;94vj0ftw;1;1;9;9;9;1;1.25;5;5;4.5;2;3.333333333;7;5.333333333;1;1;4;6;1;1;3.25;4.666666667;2.3;2;1;1.666666667;2.5;1;1;2;1;4;1;5
;i44r7zda-1;2023-05-28;i44r7zda;1;6;9;9;9;6;4.75;5.333333333;5;3.5;3;7;7;4.333333333;1;1;6;6;4.333333333;4;5;5;1.6;1.5;3.666666667;2;3.333333333;1;1;1;4.333333333;7;5.666666667;5.666666667
;lzfx0oul-1;2023-05-28;lzfx0oul;1;1;9;9;9;1;5;3.666666667;4.75;1.25;7;3;NA;5;5;3;3.333333333;5;1;1;3.75;3;2;3.5;1;1;1;1;1;1;1;1;1;1
;imz1sz6d-1;2023-05-28;imz1sz6d;1;1;9;9;9;1;1.25;5;4.75;5.25;2.75;4;6;5.666666667;1.333333333;2.333333333;4;4;1.666666667;1.4;2.5;4.666666667;1.9;3.75;1;1;2;1;1.333333333;1;1.333333333;2;1.333333333;1.666666667
;eoxmu1zk-1;2023-05-28;eoxmu1zk;1;4;9;9;9;3;4.25;6;5.75;4.5;3.5;7;7;5.666666667;1.666666667;2.666666667;5;4.666666667;3.666666667;2.6;4.5;6.333333333;2.6;2;3;2.333333333;4.166666667;2.666666667;2.333333333;3;4;4;3.333333333;2.666666667
;vprnb3ff-1;2023-05-28;vprnb3ff;1;7;9;9;9;3.666666667;3.5;3.666666667;5.5;5;2.25;7;5.666666667;7;1.666666667;5.666666667;6;7;1;1;4.5;6.666666667;3.8;2.25;1;2.333333333;6.666666667;1;1.333333333;2;1;1.5;1;3
;rf863cqc-1;2023-05-28;rf863cqc;1;6;9;9;9;4.333333333;5;4;3;3;3.5;4;6;5;1;3.333333333;2.333333333;3;4.333333333;3.6;3.25;4.333333333;4.5;2.5;1;6;4;4;5.666666667;6;2;2;2;2
;cmil14pe-1;2023-05-28;cmil14pe;1;1;9;9;9;1;1.25;5.333333333;6;6;1.25;7;7;6.666666667;1;1;4.666666667;7;1.333333333;1;1.25;3.666666667;1.2;1.25;1;1;1.333333333;1;1;1;2;4;1;1
;ki38tijo-1;2023-05-28;ki38tijo;1;4;320;320;330;2.333333333;3.5;5;4.25;5.5;2.25;4.333333333;5.666666667;4.333333333;2.666666667;2;4;5.333333333;3.666666667;3.8;3.75;4;2.9;3.25;3.666666667;5;4.333333333;2;3.333333333;3;4;5;3.666666667;4.333333333
;vzjxr8sk-1;2023-05-28;vzjxr8sk;1;4;9;9;9;1;1.75;3.333333333;3.75;5.5;2.75;4;5.333333333;1;3.333333333;1;4;3;1;1;4.25;5;2.5;4;3;2.333333333;3;1;4;1;1;1;1;3.333333333
;t4kcx7y1-1;2023-05-28;t4kcx7y1;1;5;9;9;9;1.666666667;1.25;5.333333333;6;6.5;3.5;5;NA;6.666666667;3.333333333;2;4;6;2;1;3.25;4;1;3.25;4;4;4.666666667;1;1;1;1;3;1;1.333333333
;yzbrjqqu-1;2023-05-28;yzbrjqqu;1;3;478;9;9;5;4.5;4.666666667;2.5;5.25;2.5;2.666666667;4.333333333;2.333333333;2.666666667;2;3;3.666666667;3.333333333;4.4;3.5;3.666666667;3.4;4.75;3.666666667;3.666666667;4;4.333333333;4;3.666666667;4.333333333;5;4.333333333;5
;joqn391r-1;2023-05-28;joqn391r;1;3;9;9;9;4.333333333;4.5;6;4.25;2.75;4.5;5.666666667;7;7;5;4.333333333;4.333333333;2.333333333;2.666666667;2.6;2.5;2;2.3;1.25;2.333333333;3.333333333;1.166666667;2.666666667;2.333333333;1;3;4;1;3.333333333
;68dv6jfc-1;2023-05-28;68dv6jfc;1;2;9;9;9;2;1;6.333333333;4.5;6;2;6.666666667;6;4.333333333;2;1;5.333333333;6;1;1.4;1;3.333333333;2.8;3;1;1;2.166666667;1.333333333;2.333333333;1;1;1;1;2.666666667
;j7y9s9mo-1;2023-05-28;j7y9s9mo;1;2;9;9;9;1;2.75;4.333333333;3;5;1.25;3;7;4;1;1.666666667;3;6;1;1;1.75;5.666666667;2.2;3.25;1;6;2.166666667;2;5;6;1;1;1;4.333333333
;dgw6atpz-1;2023-05-28;dgw6atpz;1;4;9;9;9;1.333333333;1.75;6.666666667;6.5;6.5;1;6;7;5.666666667;1;1.333333333;5;6;4.333333333;5.6;2.75;5;1.4;2.5;4.666666667;2;2;1;1;1;3.666666667;6;4;2.666666667
;e4e1pafo-1;2023-05-28;e4e1pafo;1;2;9;9;9;1.666666667;2.75;5.333333333;6;6.75;1.25;6;7;4.333333333;1;1.333333333;4;2;2;1.6;2.25;2;2.3;1;2;2;2;1;1;2.666666667;2.333333333;2.5;2;1
;ymyk694u-1;2023-05-28;ymyk694u;1;6;9;9;9;4.333333333;5.25;5.333333333;4.75;6.5;1.25;4;6.666666667;2.666666667;1;2;2.333333333;4;1;2;2.75;3.666666667;2.7;1.25;2.333333333;2.666666667;2.333333333;1;1;1;2.666666667;2.5;2;3
;450lb03u-1;2023-05-28;450lb03u;1;2;9;9;9;3;2;6;6.25;7;1;6;6;6;1;1;5;5;1;1;4;3.333333333;2.5;2.25;2;1;2.333333333;1;1;1;1.666666667;2.5;2.666666667;2
;5p7u6ncy-1;2023-05-28;5p7u6ncy;1;6;9;9;9;3.333333333;3.25;4.666666667;5;6;2;2.666666667;6.666666667;6.333333333;3;1.666666667;4.666666667;6.666666667;1;1.6;5;5;1.9;4.75;5;1;3.5;1;2.666666667;1;4.333333333;2;2.666666667;5.333333333
;mu12rkyw-1;2023-05-28;mu12rkyw;1;2;9;9;9;3;4;6;6;4.5;2;3;2.666666667;3;1;2.666666667;3.666666667;5.333333333;3.666666667;2.4;1.75;4.333333333;4.2;3.25;4.333333333;5.333333333;5.166666667;2;4;4;1.666666667;2.5;1;3
;gwiydcrx-1;2023-05-28;gwiydcrx;1;4;NA;NA;NA;1.333333333;2.5;7;6.75;5.5;1.5;5.666666667;7;4.666666667;3;1;5.666666667;6.333333333;2.666666667;1.8;5.5;5;2.7;3.5;5;1;2.833333333;1.333333333;1.666666667;1;4.333333333;3.5;1;1
;ngoqu5fr-1;2023-05-28;ngoqu5fr;1;3;9;9;9;1;2;4.666666667;5.75;3.5;2;5;5;6;1;3;4;3;1;1.8;2.5;4;1.6;3.5;1.666666667;3.666666667;2.5;1;1;3;2.666666667;5;5;5.333333333
;p0b68lt2-1;2023-05-28;p0b68lt2;1;6;9;9;9;4.666666667;3.25;4.666666667;4.75;3;4.25;7;7;5;3.333333333;1.333333333;5.333333333;6;5;3.8;4;6.333333333;3.6;1.5;4.333333333;4.333333333;4;1;2;1.666666667;3.333333333;6;6.333333333;4.666666667
;od2gt8fw-1;2023-05-28;od2gt8fw;1;5;9;9;9;1.333333333;1.5;6;5;6.75;1;6.666666667;7;6;1;2;6.333333333;5.333333333;2;1.2;3.25;7;2.3;2.5;2.666666667;1;1.333333333;1;1;1;1;1;1;2.666666667
;bkij1ijo-1;2023-05-28;bkij1ijo;1;2;9;9;9;1;6.25;1.666666667;2.25;3.5;1.5;4;4;1.666666667;1.666666667;1.333333333;4.333333333;4;1.333333333;2;2.75;6;5.7;6.5;4.666666667;4.666666667;5.833333333;4;4.333333333;4.333333333;5.666666667;6;5.666666667;5.333333333
;mbgamfzg-1;2023-05-28;mbgamfzg;1;4;9;9;9;3.333333333;6.5;4;4.75;3;2;3.333333333;2.333333333;4;1;2.333333333;2.666666667;5;1.666666667;2;1.75;6.333333333;5.1;6.25;4;3.333333333;4.833333333;1;2.333333333;2.333333333;2;1;1;2
;89ol0evo-1;2023-05-28;89ol0evo;1;4;9;9;9;2;2.5;5.666666667;6;5;3;6.666666667;6.666666667;3;4;2;5.333333333;5;4.333333333;4.4;3.75;2;2.2;3;5;4.333333333;2.666666667;2;2;2;3.666666667;6;5;2
;4yitml3n-1;2023-05-28;4yitml3n;1;3;9;9;9;5;2;5.333333333;6;6.75;1.25;7;7;7;1;1;6.666666667;6;7;6.6;7;4.333333333;1.6;1;7;1;4.833333333;1;1;1;7;7;7;3.666666667
;ismmvezu-1;2023-05-29;ismmvezu;1;4;9;9;9;3.666666667;4.25;5.333333333;5;5.25;2.5;4;5.666666667;3.666666667;2.333333333;2;4.333333333;5;2.333333333;2.2;4.5;4.666666667;3.5;2.25;2.666666667;3;4.833333333;2;1.666666667;2;2;2;2;4.333333333
;ti6i0zmo-1;2023-05-29;ti6i0zmo;1;3;9;9;9;4.333333333;4.25;3;3.25;2.5;4.5;5;4;4.666666667;3.666666667;4;3;5;3.333333333;3.4;3;5;4.9;4.5;3;3.333333333;3.833333333;4;3.666666667;4;4;4;3.333333333;3
;e8xu16am-1;2023-05-29;e8xu16am;1;2;9;9;9;3;5.5;4;4.75;2.5;4.25;4.666666667;4;3;4;2.333333333;3;4;1;1;2.75;5;3.6;3.5;3;2.333333333;4.666666667;2;3.333333333;5;1;2.5;4;4
;we5lbwub-1;2023-05-29;we5lbwub;1;6;9;9;9;1.666666667;3.75;6;6.5;7;1;7;7;5.666666667;1;2.333333333;5.333333333;6.333333333;1.333333333;1;4.5;5.666666667;2.3;4;1.666666667;1.666666667;3.5;1;2.666666667;1;1.333333333;5.5;5.333333333;3
;sw3sous1-1;2023-05-29;sw3sous1;1;2;9;9;9;1.666666667;3;5;5.75;4.75;3;6.666666667;7;2.333333333;4;1.333333333;6;2.666666667;2.333333333;1.4;4.5;4;2.3;3;3.666666667;4;3.833333333;1.666666667;3;3;1;6;4.333333333;4.666666667
;tttjh8g5-1;2023-05-29;tttjh8g5;1;4;8;9;9;2.333333333;3.25;4.333333333;4.25;3.5;4;5.333333333;5.333333333;4.666666667;2.666666667;3;4;6;1.666666667;2.6;2.75;5.333333333;2.9;3.25;4;4;3.666666667;2.333333333;2;2;3;4;2;4.666666667
;425r1bwh-1;2023-05-29;425r1bwh;1;5;9;9;9;2.333333333;3.5;4.666666667;5;5.75;1.25;6;6.333333333;5.666666667;1.333333333;4;5.333333333;5.666666667;5.666666667;4.6;5;4;4.5;4.75;5.333333333;4.333333333;4;4.666666667;4.333333333;4.333333333;5.333333333;4.5;5.333333333;4.333333333
;zyjosap9-1;2023-05-29;zyjosap9;1;3;9;9;9;3.333333333;5;4;4.25;2.75;4;4.333333333;6.333333333;3;1;2.666666667;3;5;3;2.6;3;5.333333333;3.1;1.5;2.666666667;1.666666667;4.166666667;1;3.333333333;5;3.666666667;3;3;3
;b2397n83-1;2023-05-29;b2397n83;1;1;9;9;9;1.666666667;2;6;6.25;6.25;1.75;7;5.666666667;6;2.333333333;1.666666667;3.666666667;5.333333333;1;1;1.5;2.666666667;2.4;1.5;1;2.666666667;2.833333333;1;1;5;1;6;2;4.666666667
;dxrf7y3e-1;2023-05-29;dxrf7y3e;1;5;9;9;9;4.333333333;4;4.666666667;5;2;3;6.333333333;6;1.666666667;1.333333333;3.666666667;3;6;1;1.4;4.5;5.333333333;3.9;3;3;4.666666667;4.5;1.333333333;4.333333333;4;1.333333333;3;2.666666667;3.333333333
;vid09aia-1;2023-05-29;vid09aia;1;4;9;9;9;1.666666667;2.25;6.333333333;6;5;2;6.666666667;4;6.333333333;1;2.666666667;4;3.666666667;2.666666667;3.6;5.5;3.666666667;1.7;4.25;3;2.666666667;2.333333333;2;2.333333333;4.333333333;4.333333333;4;4;4.333333333
;um2ssh0q-1;2023-05-29;um2ssh0q;1;4;9;9;9;1;2.5;5.333333333;5.75;6.5;2.75;5;6;6;2.333333333;2;5;6;1;1;3.75;3;4.7;5.25;1;6;3.666666667;1;4;6;2.333333333;7;7;5.666666667
;cdi7b8ci-1;2023-05-29;cdi7b8ci;1;3;9;9;9;2.666666667;3;5.666666667;5;5;1.75;5.333333333;5.333333333;2.666666667;2.666666667;3.333333333;4.333333333;5;3;2.2;3;4.666666667;2.9;3.5;2.333333333;5;3;3.333333333;4.666666667;4.333333333;2.333333333;2;1.333333333;4.333333333
;r3f01tls-1;2023-05-29;r3f01tls;1;4;9;9;9;2.333333333;3.25;3.333333333;2.25;3.25;2;5.333333333;6.666666667;2;1.333333333;1;3.666666667;6;1;1;4;4.666666667;1.6;2.25;1;4.666666667;4.5;1;1;1;1;1;1;2.666666667
;qig2a1s2-1;2023-05-30;qig2a1s2;1;6;9;9;9;3.666666667;6;5.666666667;5.75;5.5;1.25;5.666666667;NA;4;1.333333333;2;5;5.333333333;1.666666667;1.8;4.75;6.666666667;4.4;2.75;5.333333333;3.666666667;4.333333333;1;3.333333333;5.333333333;3.666666667;3;1.333333333;3
;efwegi6z-2;2023-06-02;efwegi6z;2;7;9;9;9;4.333333333;3.75;7;7;6.75;1;6;NA;4.666666667;1;1.333333333;6.333333333;6.333333333;2.333333333;2;6.75;4.333333333;2.2;1.5;6;3.333333333;4.833333333;1.333333333;1;1;4.333333333;4.5;2.333333333;2.333333333
;judkv65u-2;2023-06-03;judkv65u;2;4;9;9;9;1;2.25;5;5;6.5;1.25;5;5;4;1;2;4;5;2.333333333;5;3;2;1.1;1.5;3;1.333333333;1.333333333;1;1;2;3.333333333;4;4;4
;7m7bw33l-2;2023-06-03;7m7bw33l;2;5;9;9;9;4.666666667;2.5;6;6;5;3;6;6;6;2;1.666666667;5;4.333333333;2;2.2;3.75;5;2.6;1;3;3;3.666666667;1;3.333333333;1;1;1;1;1
;1yqt7phg-2;2023-06-03;1yqt7phg;2;1;9;9;9;6.333333333;1;6;6.25;5.75;2.25;5;6;5.666666667;2.333333333;5;4;4;6;7;5.5;2.666666667;2.7;3.5;3.666666667;3.666666667;2.833333333;1.666666667;1;3.666666667;4.666666667;6.5;6.666666667;4.666666667
;yzbrjqqu-2;2023-06-04;yzbrjqqu;2;5;388;9;9;4.666666667;4.75;3.333333333;3;4.25;4;4;5.666666667;5;5.333333333;4.666666667;5;4.333333333;3.666666667;3.8;4.25;5.333333333;4.9;5.25;5;5.333333333;2.666666667;2;2.666666667;3.333333333;4.666666667;3.5;3.666666667;3.666666667
;9324scyl-2;2023-06-04;9324scyl;2;3;9;9;9;2.666666667;3;5.666666667;5.75;4;1.25;7;7;5;1.333333333;3;4.333333333;4.666666667;1.666666667;1;3.25;5;3.5;3.75;4.666666667;2.333333333;4.5;2.333333333;3.666666667;3.333333333;1.333333333;1;1;1.666666667
;11otr2gh-2;2023-06-04;11otr2gh;2;6;9;9;9;4;5.25;5.333333333;5.25;5.25;2.5;6;5.666666667;6.666666667;1.666666667;1;6;6;5.333333333;5.8;5.5;5.666666667;2.6;1.75;5.666666667;2.333333333;5.833333333;1;5;2.333333333;3;7;6;5.333333333
;dxrf7y3e-2;2023-06-04;dxrf7y3e;2;4;9;9;9;3.333333333;3.25;5.333333333;5;4.75;2.5;5;6.333333333;4;2;3.333333333;4;4.666666667;2;4.2;3.5;4;3.7;3.5;3.333333333;4;4.666666667;2.333333333;3.666666667;3;3.666666667;4;4.333333333;3.333333333
;lbazafhl-2;2023-06-04;lbazafhl;2;2;9;9;9;2.333333333;1.75;5.666666667;6;7;1;5.666666667;5.333333333;5.333333333;1;1.666666667;4.333333333;4.333333333;1.333333333;1.8;3.25;2.666666667;1.5;1;2.333333333;1.666666667;1.666666667;1;1.666666667;1;1;4.5;2.333333333;5.333333333
;1hpx6k84-2;2023-06-04;1hpx6k84;2;6;9;9;9;1.333333333;2.75;3.333333333;4.5;5.5;2;6;5.333333333;5.333333333;1.333333333;1;5.666666667;7;7;5.2;4.25;5;3.8;5;4.666666667;6.666666667;5.333333333;1;6.333333333;2.666666667;7;7;6;3
;110cu3mn-2;2023-06-04;110cu3mn;2;4;9;9;9;1.333333333;2.25;4.333333333;3;3.75;2.25;5.666666667;3.666666667;5;3;1;3.333333333;5.666666667;1;1;2.75;5;1.7;2.5;3.666666667;4;1.166666667;1;1;1;1;1;1;1.333333333
;i3c09wbe-2;2023-06-04;i3c09wbe;2;5;9;9;9;2;4.5;3;3.25;2.75;3;6;6.333333333;5.333333333;2;3;3.666666667;5.333333333;3.333333333;3.4;5;5.333333333;3.7;3;3.666666667;4.333333333;3.666666667;1.333333333;4.666666667;5;4;4;3.333333333;4.333333333
;68dv6jfc-2;2023-06-04;68dv6jfc;2;2;9;9;9;5.333333333;1.25;5.333333333;4.25;7;1.25;5.666666667;6;3.333333333;1.333333333;4.333333333;4;5;1;1.2;3.25;3;2;2;1.666666667;1.333333333;3.5;2;2;1;2;1;1;4.333333333
;rctqcmqh-2;2023-06-04;rctqcmqh;2;4;9;9;9;3;3.5;6;7;5.25;2;5.333333333;4.666666667;5;1;4;5.333333333;6.666666667;1;1;3.5;3.666666667;2.3;2.5;3;4;2.833333333;1;1.333333333;1.333333333;1;1.5;1.333333333;1.333333333
;wxuuhz4k-2;2023-06-04;wxuuhz4k;2;1;9;9;9;2;3.25;1.666666667;1;2.75;2.25;3.333333333;2.333333333;1;1.666666667;1;4.333333333;3;1;1;1.75;4.333333333;1.3;1.5;1.333333333;2;1.333333333;1;1.666666667;1;1.666666667;1;1;2.666666667
;ismmvezu-2;2023-06-04;ismmvezu;2;2;9;9;9;3;3.75;5.666666667;5;5.5;2;5.333333333;6;4;1.666666667;1.666666667;5;6;2.333333333;2.4;4.25;4.333333333;2.6;3.25;3.333333333;2;4.5;1;1.333333333;1;1;2;2;5
;nrg5izie-2;2023-06-04;nrg5izie;2;1;9;9;9;1.666666667;3.75;4.333333333;6.25;5.75;2;5;7;5.333333333;1.333333333;2;4.333333333;3;2.666666667;3.4;4.25;4.333333333;2.9;4;3;2.666666667;3.5;1;2;1.333333333;2.666666667;4;4;5.666666667
;3o2b1j47-2;2023-06-04;3o2b1j47;2;2;9;9;9;1;1.75;6;5;5;2.25;6;7;7;2.666666667;2;5;4.333333333;2.333333333;1.8;4.75;2.666666667;1.3;1.25;2.666666667;2;2.5;1;2;2;2;1;1.666666667;1.666666667
;r3f01tls-2;2023-06-04;r3f01tls;2;1;9;9;9;1;3;5.333333333;5.25;3;3.5;6;7;5;2.666666667;1.666666667;4.333333333;5.666666667;1;1;4.75;4;1.7;2.5;1;5.333333333;2.5;1;4.333333333;1;1;1;1;2.333333333
;u84dgoxj-2;2023-06-04;u84dgoxj;2;3;9;9;9;2.333333333;3.25;4.666666667;4;5.75;1.5;6;4.666666667;4.666666667;1.666666667;1.333333333;5.333333333;4.666666667;4;2.4;2.25;4;2.5;3.5;1.666666667;3;2.833333333;1;3.333333333;3;1.666666667;4;3.333333333;3
;2soy75gc-2;2023-06-04;2soy75gc;2;6;9;9;9;1.666666667;3;7;6.5;2;6;7;7;6;2;1;6;7;7;7;6.5;6;1.5;2.75;7;1.333333333;6.166666667;1;1;1;7;7;7;5.333333333
;oagsgy8g-2;2023-06-04;oagsgy8g;2;6;9;9;9;5.333333333;5.75;6.333333333;7;3.25;6;7;6.333333333;4;3;1.666666667;5;7;2.666666667;3.6;5.5;7;4.7;2.5;5.333333333;4;6;2.666666667;3.333333333;3.333333333;2.333333333;5;4.666666667;4
;imz1sz6d-2;2023-06-04;imz1sz6d;2;2;9;9;9;1;1;4.666666667;5.25;4.5;1.75;4.666666667;7;5.333333333;2.333333333;1;4;4.333333333;3;2.4;3.5;4;1.4;1.75;1.333333333;1.666666667;2.166666667;1;2.333333333;1.666666667;2.333333333;3.5;3.666666667;5.333333333
;pir7k37c-2;2023-06-04;pir7k37c;2;5;9;9;9;1.666666667;2;4.666666667;5.25;6.25;1.25;5;6;4;1;2.333333333;4.333333333;5.333333333;2;1.2;4;3.333333333;3.5;2.75;2.333333333;2;4.333333333;2;3.666666667;1.333333333;1;2.5;1.666666667;3.666666667
;um2ssh0q-2;2023-06-04;um2ssh0q;2;5;9;9;9;5.333333333;5.5;4.666666667;5.25;5.25;3.75;4.333333333;5.666666667;4.333333333;2.333333333;1.666666667;3.333333333;7;1;4.4;3;6;3.7;4;1;6;5.5;2;5;6;2;6;6;6
;lh9rzirm-2;2023-06-04;lh9rzirm;2;5;9;9;9;4;2;6;5.5;5;2;6;6;7;1;3.666666667;4;5.666666667;2.333333333;1;4;4.666666667;2.3;3;3;4;4;1;1;5;4;1;4;4.666666667
;gwiydcrx-2;2023-06-04;gwiydcrx;2;7;9;9;9;1.333333333;1.75;7;7;6;1;7;7;3.666666667;5;1;6;6.666666667;1;1;5.5;5.666666667;1.6;3;5;1;2.5;1;1;1;1.333333333;3;2;1
;lckb6r1n-2;2023-06-04;lckb6r1n;2;1;9;9;9;1;1;7;7;7;1;4;4;6;5;1;4;5;1;1;1;1;1;1;1;1;1;1;1;1;1;1;1;1
;6g12mrih-2;2023-06-04;6g12mrih;2;4;9;9;9;4;2.5;5.666666667;6;7;1;7;7;4;1;1;5;6;6;6;5;4;2.4;2;5;2;4;1;1;2;6;6;6;6
;mu12rkyw-2;2023-06-04;mu12rkyw;2;4;9;9;9;3.333333333;4.5;5.333333333;6;7;1;4.666666667;6.333333333;5;1;1;4.333333333;5.333333333;2;1;4;4.666666667;2.1;2.75;4.666666667;4.333333333;4.333333333;2.666666667;1;1.333333333;3.333333333;1;1;1
;450lb03u-2;2023-06-04;450lb03u;2;3;9;9;9;2;2.25;5.666666667;5.5;7;1;5.333333333;6;6;1;1;5;6.333333333;3.333333333;4;4;3;1.4;1.75;2;1;1.5;1;1;1;2.666666667;2.5;2.333333333;2.666666667
;t4kcx7y1-2;2023-06-04;t4kcx7y1;2;1;9;9;9;1;2;5;5;6;4;5;5.333333333;4;1;2.666666667;4;5.666666667;4;1.6;6;5.333333333;1.9;1.75;2.333333333;3;3;3.333333333;1.333333333;1.666666667;3;2;2.333333333;3.666666667
;dyfs8gmt-2;2023-06-04;dyfs8gmt;2;6;9;9;9;2;3.5;6;6.5;5;1.5;6.333333333;6;6;1;3;5.666666667;5.666666667;5;4.6;5.75;3;2.8;1.5;5.333333333;2;4.666666667;2;5.666666667;2;4.666666667;5;5;5.333333333
;i44r7zda-2;2023-06-04;i44r7zda;2;5;9;9;9;3.333333333;2;4.666666667;5.75;6;2;6;6;4.666666667;1;1;6;5;2;2;4.75;4.333333333;1.7;1;4;1;3.666666667;1;1;1;3.666666667;7;7;5.666666667
;b2397n83-2;2023-06-04;b2397n83;2;2;9;9;9;1;1.75;5.333333333;4.5;5.25;1.75;6;7;5;1;1.333333333;3.666666667;3.666666667;1.666666667;1;2.25;2.333333333;1.8;2.25;1.333333333;1.666666667;1.5;1;3;1;1;1;1;4
;cmil14pe-2;2023-06-04;cmil14pe;2;2;9;9;9;1;1;6;6;6.75;1;6.666666667;6.666666667;5.666666667;1;1;4;5;1.666666667;1;2.5;4.666666667;1.1;1.5;1;1;1.333333333;1;1;1;1;6;4;1
;zyjosap9-2;2023-06-04;zyjosap9;2;4;9;9;9;2.666666667;4.75;4.666666667;5;3;5.25;4.666666667;6.333333333;3;1.333333333;1;3;5.333333333;2.666666667;2.6;3;5.666666667;3.6;2.25;3.666666667;5;4.333333333;1;5.333333333;5;4;2.5;2.333333333;4
;94vj0ftw-2;2023-06-04;94vj0ftw;2;4;9;9;9;1.333333333;1.75;6;6;4.25;2.75;5.333333333;6.333333333;5.666666667;1.666666667;2.333333333;4;6;1;3;4.25;5.666666667;2.2;3.25;3.666666667;1;2.333333333;1;2;3;1;4;1;5
;mbgamfzg-2;2023-06-04;mbgamfzg;2;5;9;9;9;4.333333333;4.25;5.333333333;6.5;4.25;3.5;6;6.333333333;5;1.333333333;2.333333333;4.333333333;4.666666667;5;2.8;5;2.333333333;1.5;2.25;4.333333333;2;2.166666667;1;1.333333333;1;5;5.5;3.333333333;2
;z4tjfyag-2;2023-06-04;z4tjfyag;2;5;9;9;9;1;3.75;5;4.75;6;4.5;7;7;5;1;3.666666667;4;6;1;1;1;4;3.2;3.5;1;5;2.333333333;1.666666667;1;3;1;1;1;1
;vid09aia-2;2023-06-04;vid09aia;2;4;9;9;9;2.333333333;2.75;5.666666667;5.5;4.5;2.25;5.666666667;4.666666667;5.666666667;3;3;4;4;3;4;5.25;4.333333333;1.4;2.25;4;2.666666667;2.666666667;3;2;1.333333333;4;4;4;4.666666667
;e8xu16am-2;2023-06-04;e8xu16am;2;4;9;9;9;3;3.5;3.666666667;4.5;4.25;3.75;6.666666667;6;4;2.333333333;1.666666667;5;3.666666667;1;1;3.5;1.333333333;2.5;3;2.666666667;3.333333333;2.666666667;1;2.666666667;1;1;1;1;3.333333333
;joqn391r-2;2023-06-04;joqn391r;2;2;9;9;9;4.333333333;3;4;5.25;5.5;4;6.333333333;7;6.333333333;3.666666667;3.333333333;3;3.333333333;4;3.2;2.75;2;2.6;2;3;3.666666667;3;2.333333333;2.333333333;2.333333333;3;2;2.666666667;2
;2ze615ki-2;2023-06-04;2ze615ki;2;3;150;150;120;1;2.5;3;3.5;3;6;3.666666667;1;2;3;1;3.666666667;5.333333333;1.666666667;1.2;4;4;1.7;1.75;2.666666667;1.333333333;2.5;1;1;1;2.333333333;1;1.333333333;1.666666667
;u4x5lzw2-2;2023-06-04;u4x5lzw2;2;1;9;9;9;1;2.5;3.333333333;5.75;1.75;6;6;4;4.333333333;3.333333333;1;4;2.333333333;4;3.8;2.5;1.666666667;1.8;1.75;2.333333333;1.666666667;1;1;1.666666667;1;1.333333333;1;1;3
;sw3sous1-2;2023-06-04;sw3sous1;2;4;9;9;9;2.666666667;3;6.333333333;6.25;5;2.75;6;6;6;2.333333333;3;4;5.666666667;2;1.4;5.5;6;3.1;3.25;6.333333333;6;5.666666667;1;2;1;4;5;4.666666667;3.333333333
;gy0dk4ej-2;2023-06-04;gy0dk4ej;2;4;9;9;9;3.666666667;4;4;4.25;5.75;2;5;6;4;1.333333333;1.333333333;5;6;1.333333333;1;3.75;5.666666667;3.7;3.5;4;3;4.166666667;2;2;2;1.333333333;4;2.333333333;4
;we5lbwub-2;2023-06-04;we5lbwub;2;5;9;9;9;3;5.25;6.333333333;7;7;1.25;7;NA;4;1;1.333333333;4.666666667;6.666666667;4;3;4;6.333333333;2.2;5.25;1;1;5.166666667;1;1;1;1;6;5;2
;dgw6atpz-2;2023-06-04;dgw6atpz;2;2;9;9;9;1.333333333;1.25;6;5.75;6.5;1.75;5.333333333;7;6;1.666666667;1;4.666666667;6;3;4.2;2;2.666666667;1.3;1.5;2.666666667;1.666666667;1.666666667;1;1;1;1.333333333;3;2;2
;p0b68lt2-2;2023-06-04;p0b68lt2;2;6;9;9;9;2;2.5;4.666666667;5;4.5;2.25;7;7;5.333333333;2.333333333;1;5.666666667;6.333333333;2;2.6;5.25;6.333333333;3.3;1;1.666666667;2;4.666666667;1;2.666666667;1;2.666666667;4;2;5.666666667
;vprnb3ff-2;2023-06-04;vprnb3ff;2;6;9;9;9;2.333333333;2.25;4;6;6;3;6.666666667;4.333333333;5;3.666666667;1.666666667;4.333333333;6.333333333;2.333333333;2;4.25;6.666666667;2.9;1.75;3;3.333333333;6;1;1;1;1;1.5;1;5.333333333
;89ol0evo-2;2023-06-04;89ol0evo;2;5;9;9;9;2.333333333;3.25;4.666666667;5;6;3;5;6.333333333;5;4;4;5;4;4;3.4;4;4.666666667;4.4;3;2;3.333333333;3;2;1.666666667;1.333333333;2;2.5;2.666666667;1.666666667
;ki38tijo-2;2023-06-04;ki38tijo;2;4;330;515;590;2;4.5;4.333333333;4;4.25;2.75;4.333333333;5.333333333;4;2.666666667;2.333333333;5;4;4.333333333;3.6;3.75;4;3.2;4.25;4.333333333;4.666666667;4.333333333;2;4.333333333;3;4;5;4.333333333;4.333333333
;czen5l0x-2;2023-06-04;czen5l0x;2;4;9;9;9;1.666666667;5.75;5.666666667;6.25;5.5;2;7;7;4.666666667;2;3.333333333;3.333333333;5;3.333333333;1.6;2.5;6.333333333;5;4.75;2.666666667;6.666666667;4.166666667;4;6;5.333333333;1.666666667;2;1.666666667;4.666666667
;lzfx0oul-2;2023-06-04;lzfx0oul;2;4;9;9;9;1;1.5;6;5.25;7;1;6.333333333;6.333333333;5.333333333;1;1;4.666666667;5.666666667;1.333333333;1.2;3.5;2;1.3;1.25;2;1.333333333;1.666666667;1;1;1;1;1;1;2.333333333
;gyq31f6r-2;2023-06-04;gyq31f6r;2;4;240;60;48;5.333333333;3.25;6;6;6.5;1;7;6.333333333;3;1.666666667;3.333333333;5;5.333333333;1.333333333;2.2;5.5;6;3;3.5;5;3;5.333333333;2.333333333;4.333333333;3.666666667;1;5;4.333333333;4.333333333
;od2gt8fw-2;2023-06-04;od2gt8fw;2;2;9;9;9;1.333333333;1.5;6.666666667;4;6.5;1.5;6.333333333;7;6;3.333333333;1.333333333;4;4;2;1;4.5;5.333333333;1.7;2.25;2;2;2.166666667;2;1.333333333;1;1;1;1;2.666666667
;ti6i0zmo-2;2023-06-04;ti6i0zmo;2;4;9;9;9;4.333333333;4.25;2.666666667;3.75;2;3.75;6;5;4;3.333333333;2.333333333;3.333333333;4.666666667;3.333333333;2.2;4.5;5;4.1;3.5;4.666666667;4;4.166666667;3.666666667;4.333333333;4;4.666666667;4.5;4;4.333333333
;tso8ntq4-2;2023-06-04;tso8ntq4;2;5;9;9;9;1;2.75;5.666666667;5.5;6;1.25;7;7;5;2.666666667;1;5;4;5;4.4;5;5.333333333;3.3;3.75;2;6;4.333333333;1;4;5;5;5;5;4
;ymyk694u-2;2023-06-04;ymyk694u;2;4;9;9;9;4;3.5;5;5;7;1;6;6;4.333333333;1;2;4;2.666666667;2;2;3.25;2;2.3;2;1;1.333333333;3.166666667;1;2;1;2;2;2;2.666666667
;bkij1ijo-2;2023-06-04;bkij1ijo;2;1;9;9;9;4.333333333;2.5;4.666666667;4.75;6.25;1.25;4.666666667;4.333333333;4.666666667;1;1.666666667;4.333333333;1.666666667;1.666666667;1.6;1.75;1.666666667;2.3;2.75;4.666666667;4.333333333;3.5;1;1.333333333;2.333333333;3.333333333;3.5;2.666666667;2.333333333
;qig2a1s2-2;2023-06-04;qig2a1s2;2;6;9;9;9;2.666666667;5;6;6.25;5;2.5;7;NA;4.666666667;2;2.333333333;5.333333333;6.666666667;1.333333333;3.2;4.75;6.333333333;2.8;3.75;3;4.333333333;5.166666667;1.666666667;2;5.333333333;2.333333333;3.5;1;3.666666667
;5p7u6ncy-2;2023-06-05;5p7u6ncy;2;5;9;9;9;1.666666667;3.75;5.666666667;4.5;6.25;2;7;7;6;2;2.666666667;5.333333333;5.666666667;3.666666667;2.8;4;4.333333333;2.2;2.75;4;3.666666667;3.833333333;1.333333333;3;1;1.333333333;4.5;3;3.333333333
;425r1bwh-2;2023-06-05;425r1bwh;2;4;9;9;9;5.333333333;5.5;5;5.5;7;1;4.666666667;2.333333333;5;4.666666667;4.333333333;6;5.666666667;5.333333333;4.6;4.5;4.666666667;5.1;3.5;5;4.666666667;5;5.333333333;4.666666667;4.666666667;4.333333333;4.5;4.666666667;4.666666667
;e4e1pafo-2;2023-06-05;e4e1pafo;2;1;9;9;9;1.333333333;1.5;5.333333333;5.25;7;1;5.666666667;6;5.666666667;1;4.333333333;5.666666667;1.666666667;1;1.4;1;1.333333333;1.3;1;1.333333333;1.333333333;1.333333333;1;1.333333333;2.333333333;1.333333333;2;1;2
;rf863cqc-2;2023-06-05;rf863cqc;2;3;9;9;9;2;5;4.666666667;5;3.5;2.5;5;7;2.333333333;1;2.333333333;2.333333333;5;5;5;2.75;4.333333333;3.5;2;2;6;3.333333333;1;4.333333333;2;3.666666667;5;5;3
;ghmh3olt-2;2023-06-05;ghmh3olt;2;4;300;300;200;3;4;5;4.5;6.25;1.75;4;4;4.666666667;3.666666667;2.666666667;4;4.666666667;5.666666667;4.6;5;3.333333333;3.3;4;5;1.666666667;3.5;2;1.666666667;2;6;6;5.666666667;4.666666667
;s46gbta2-2;2023-06-05;s46gbta2;2;4;9;9;9;1.333333333;2.5;6.333333333;6.25;5.5;1;6.333333333;6;6.333333333;4;4.666666667;5;5;5;5.4;6;2.666666667;1.7;2.5;5.666666667;3.333333333;3.666666667;1;1.666666667;1.666666667;5.666666667;6;6.333333333;5
;6rjngium-2;2023-06-05;6rjngium;2;6;9;9;9;4;4;5;5.5;6.5;2.25;4.333333333;4.333333333;5.666666667;2;3.666666667;5.666666667;4;4.333333333;2.8;4;5;3.5;4.25;3.666666667;4;5.5;2.333333333;1.333333333;4.333333333;4.666666667;4;3.333333333;4.333333333
;tttjh8g5-2;2023-06-05;tttjh8g5;2;2;9;9;9;1.666666667;2.25;4.666666667;4;4;2.75;5.666666667;6;5.333333333;2.333333333;2;4.333333333;6;1;1;4;5;2.3;3.75;2;2.666666667;2.666666667;1;1;1;1;1;1.666666667;4.333333333
;efwegi6z-0;2023-06-07;efwegi6z;0;5;10;9;8;5;5.5;6;5.75;7;1;5.333333333;NA;4;1;2;6;4.666666667;3.666666667;2;5.5;5.666666667;3.3;1.75;5.333333333;1.666666667;5;1;1;1;4;4;1.666666667;3
;qq52peh8-0;2023-06-07;qq52peh8;0;3;9;9;9;1.666666667;1;4.333333333;2.5;2.75;3;4.666666667;6.333333333;2.333333333;2.333333333;2.666666667;6;4.333333333;1;1;6.75;2.333333333;1.4;2.25;1.666666667;2.333333333;3.5;1;1;1.333333333;1.333333333;1;1;2
;1yqt7phg-3;2023-06-10;1yqt7phg;3;4;9;9;9;6.666666667;2.25;5.333333333;4;4.25;4.25;5.666666667;7;4.666666667;3.666666667;3.666666667;4.666666667;3.666666667;6.333333333;5.4;4.5;4;1.7;2.25;6.333333333;1.333333333;2.666666667;1;3.666666667;5.666666667;6.333333333;7;7;4.666666667
;yzbrjqqu-3;2023-06-10;yzbrjqqu;3;2;367;9;9;2.666666667;4;5.333333333;5.75;6.5;1.25;2;5;2.666666667;1.666666667;1.666666667;5;2.666666667;2.666666667;3.6;3;1.333333333;2.1;2.75;2.333333333;2.666666667;1.666666667;3;3;2.333333333;2;3;2.666666667;3.333333333
;judkv65u-3;2023-06-10;judkv65u;3;5;9;9;9;2.333333333;3.25;5;5;6;1.25;6;6;6;1.666666667;2;4.333333333;5;6;6;3;2.333333333;1.2;2;4;2;2.833333333;1;1.333333333;2;5;6;6;6
;lbazafhl-3;2023-06-11;lbazafhl;3;4;9;9;9;2.333333333;1.75;6;4.5;6.25;1.5;6.333333333;6.333333333;4.333333333;1;2;3.666666667;3;2;3.8;2.25;3.333333333;1.5;1.5;3;2.333333333;2.166666667;1;3;1.333333333;3.333333333;1;2.666666667;3.666666667
;ismmvezu-3;2023-06-11;ismmvezu;3;5;9;9;9;3.666666667;4;3.666666667;5;4.25;2;4;5.666666667;4;2;3;4;4.666666667;3;2;3;4.666666667;3.8;3;2;2.333333333;4.5;2;2.333333333;2;1;1;1;4.666666667
;um2ssh0q-3;2023-06-11;um2ssh0q;3;5;9;9;9;1;4.5;4.666666667;4.25;6;3.5;3.666666667;5.666666667;4.666666667;2.666666667;2.666666667;2.333333333;6;1;1;1.5;6;3.2;3.75;1;5;4;1;4.333333333;5.666666667;1;1;1;1
;3o2b1j47-3;2023-06-11;3o2b1j47;3;3;9;9;9;1.666666667;2.25;4.666666667;5;6;2;6;7;5;2;2;5;4.333333333;2.333333333;3;3.75;4.333333333;2.2;2;3.666666667;3;3.5;2;2.666666667;2;2;2;2;2
;9324scyl-3;2023-06-11;9324scyl;3;4;9;9;9;5.333333333;4;5.666666667;5;7;1.5;7;6;5.666666667;1.333333333;7;4.666666667;6;4.333333333;1;1.5;3.333333333;1.9;1.5;4.666666667;3.333333333;3.5;1;1;1;1;1;2.333333333;1
;r3f01tls-3;2023-06-11;r3f01tls;3;1;9;9;9;2.333333333;2.5;5.666666667;6.5;2.5;4.5;5.333333333;5;7;3;1;5;5.666666667;1;1;4;4;1.2;2.5;1;1;1.666666667;1;1;1;1;1;1;1
;vzjxr8sk-3;2023-06-11;vzjxr8sk;3;4;160;160;110;1;2.75;4;4.75;5;2.25;3;5.333333333;2.333333333;2.333333333;1.666666667;4.666666667;5;1;1.4;4.75;4.666666667;2.7;2.25;2.666666667;3.333333333;4;1;1.666666667;3;3.333333333;4;3;2.333333333
;dyfs8gmt-3;2023-06-11;dyfs8gmt;3;5;9;9;9;1;1.25;6;5.5;6.5;1.25;6.333333333;6;6;1;1;5;4.666666667;5;4.6;4.75;3.333333333;2;1;5;1.333333333;2.666666667;1;2.333333333;1.666666667;5;5;6;5.333333333
;mbgamfzg-3;2023-06-11;mbgamfzg;3;5;9;9;9;3;3.5;5.333333333;5.25;5.25;1.75;7;7;4.666666667;1.333333333;2.666666667;5;5;5.333333333;2.6;5.75;2;2.8;3.5;4.333333333;3.333333333;4.833333333;2.333333333;2;2;5;5.5;5.666666667;5.333333333
;1hpx6k84-3;2023-06-11;1hpx6k84;3;7;9;9;9;1;1.5;5;5.5;5;2;6;7;3;1;2.666666667;5.666666667;7;2;2.2;5.25;5;1.2;3.5;2;4.333333333;4.666666667;1;1.333333333;1;2;2.5;1;2
;wxuuhz4k-3;2023-06-11;wxuuhz4k;3;3;9;9;9;1.666666667;3;2.333333333;3;4.5;2.25;5;2.666666667;3;1.333333333;1;4;3.666666667;2.666666667;2.4;2;4.666666667;2.1;1;2.666666667;2;3.333333333;1;1;1;4;4;4.333333333;4
;dxrf7y3e-3;2023-06-11;dxrf7y3e;3;4;9;9;9;4;3;5.333333333;4.5;4;2.75;5.333333333;6.333333333;3;2;3.666666667;4.333333333;6;3;2.6;4.25;4;3.6;4;2.333333333;4.333333333;4.5;1.333333333;4;1.333333333;2;3;2;1.666666667
;nrg5izie-3;2023-06-11;nrg5izie;3;5;9;9;9;1;4.25;7;7;6;3.25;7;6;4.666666667;2;2.666666667;5;4.666666667;4.666666667;3.8;4.25;4;3.1;4.25;4;3.666666667;4.333333333;3;2.333333333;1.333333333;2.666666667;4;4.333333333;5
;zyjosap9-3;2023-06-11;zyjosap9;3;4;9;9;9;2.333333333;3.5;5.666666667;7;3.25;3.75;5;6;4.333333333;1.666666667;3;6;5.333333333;5;4.6;7;5;2;1.25;3;4;5.833333333;1;4;1;4.666666667;5;4.333333333;4.666666667
;lh9rzirm-3;2023-06-11;lh9rzirm;3;1;9;9;9;3.333333333;2.75;5;4.5;2;2.5;6;6;5.333333333;1;1;4;4;1;1;3.5;2.333333333;1;3;4;4;4;1;1;1;1;1;1;1
;u84dgoxj-3;2023-06-11;u84dgoxj;3;5;9;9;9;1;1.75;5.333333333;5.5;5.75;2.75;6;6;4.666666667;1;1;5;6;1;1;3.25;4.666666667;1.2;1;2.666666667;1;5.166666667;1;1;1;1;1.5;1;1.666666667
;110cu3mn-3;2023-06-11;110cu3mn;3;2;9;9;9;1;2;2;1.25;2;2.75;5;3.666666667;3;2;1;4;6.666666667;1;1;3;4.666666667;1.6;2.5;3;2;3;1;1;1;1;1;1;1
;2soy75gc-3;2023-06-11;2soy75gc;3;6;9;9;9;2.333333333;1.25;1.333333333;1;1;7;7;1;6.333333333;5;1;6;6;6;6;4.25;4;1.6;2.25;6;1.333333333;6;1;1;1;1;1;4;3.666666667
;7m7bw33l-3;2023-06-11;7m7bw33l;3;4;9;9;9;3;2.5;6;5.5;6;1;5;6;4.333333333;1;1;7;3.666666667;1.666666667;1;5.5;6.333333333;2.6;1.5;4;1.333333333;4;1;1;1;1.666666667;1;1;1
;pir7k37c-3;2023-06-11;pir7k37c;3;6;9;9;9;2;2.25;3.666666667;4.75;5.25;2;7;7;2.333333333;1.333333333;4.666666667;5;6;1.666666667;1.2;3.75;3;2.1;1.75;2.666666667;2.666666667;4.833333333;1;2;2;1;3;2;1.666666667
;joqn391r-3;2023-06-11;joqn391r;3;2;NA;NA;NA;1.666666667;3.25;6.666666667;5.75;3.75;2.75;6.666666667;7;6;3;2.333333333;5;4;3.666666667;2.2;2.25;3;2.1;2.25;4.666666667;5;3.666666667;2;2.666666667;2.666666667;2.666666667;3.5;3.666666667;3.333333333
;u4x5lzw2-3;2023-06-11;u4x5lzw2;3;1;9;9;9;1;1;6.333333333;4.75;6.75;2;5;5.666666667;4.666666667;1;1;3.333333333;2.333333333;2.333333333;1.4;2.25;2;1.7;2.75;2.333333333;1;1.333333333;1;1;2;2.333333333;1;1;1.666666667
;tso8ntq4-3;2023-06-11;tso8ntq4;3;5;9;9;9;4;1.75;6;5;6;1;5;5;4;4.666666667;1;5;5;5;5;5;5;5.5;4.5;4;4;5;3;4;1;5;5;5;5.333333333
;oagsgy8g-3;2023-06-11;oagsgy8g;3;5;9;9;9;2.333333333;4.5;5;5.75;2;7;6.666666667;5.666666667;5;1.333333333;2;5;5.666666667;4;3;5;5;3.8;1.75;4.666666667;4.333333333;5.333333333;1;1;1;2.333333333;3;2;1
;efwegi6z-3;2023-06-11;efwegi6z;3;6;9;9;8;4;3;5.666666667;5.75;6.75;1.5;5;NA;4.333333333;1;2;5.666666667;6.333333333;5.666666667;2.4;5.25;5;3;2;6;2;4.666666667;1;1;1;2.333333333;2;3;2.666666667
;rctqcmqh-3;2023-06-11;rctqcmqh;3;4;9;9;9;1;1;5;6;6.25;1.5;6;4;6;3;3.666666667;4;5;1;1.4;4;2;1;2.75;4;4;3;3.333333333;3.333333333;3;4;4;4;4
;ki38tijo-3;2023-06-11;ki38tijo;3;4;350;600;350;2;6;4.333333333;4.5;4;3.25;5;5;4.333333333;2.333333333;3.333333333;4.666666667;3.666666667;4.333333333;4.4;3.5;5;4.5;4;3.666666667;5.666666667;4.833333333;2;5;3;4.333333333;5;4.333333333;5
;qq52peh8-3;2023-06-11;qq52peh8;3;2;9;9;9;1;1;3.333333333;3.25;4.25;1.75;6.333333333;7;3.333333333;2.666666667;1;5.666666667;4.666666667;1;1.8;6.75;1.333333333;1.4;2.5;3.666666667;1.333333333;4.333333333;1;2.666666667;1;1;4;1;1
;mu12rkyw-3;2023-06-11;mu12rkyw;3;2;9;9;9;1;4.5;5;5;6.25;1;4;3.333333333;4;1;2;3.333333333;4;3.666666667;3.4;4;3.333333333;3;1;3.333333333;2.666666667;1;1.333333333;1;1;1;1;1;1
;dgw6atpz-3;2023-06-11;dgw6atpz;3;3;9;9;9;1.333333333;1.5;3.666666667;5.25;5.75;2.25;5;4.333333333;6;1.333333333;1;4;4.666666667;3;2.6;2.75;1.666666667;1;1.75;1.333333333;1;2.666666667;1;1;1;3.666666667;4;4;4.333333333
;t4kcx7y1-3;2023-06-11;t4kcx7y1;3;4;9;9;9;2;2;5.333333333;6;6;2;6;6;5;1.333333333;3;6;6;3;2;4.5;2.666666667;2;2.75;4;1.666666667;3.666666667;1;2;2;1;2;1;1
;p0b68lt2-3;2023-06-11;p0b68lt2;3;1;189;445;259;1.333333333;2;5;5;6.25;2;6;7;5;1;1;4;6;1;1;1;1;1.5;3.25;2.666666667;6.333333333;1.166666667;1;1;1;1;1;1;1
;450lb03u-3;2023-06-11;450lb03u;3;4;9;9;9;3;4;6;5.25;7;1;6;5.666666667;5.333333333;1;1.333333333;5.333333333;5;4.333333333;4.6;4.25;3;1.7;2;3.333333333;1.333333333;2.5;1;1;1;4;4;3.666666667;3.333333333
;cmil14pe-3;2023-06-11;cmil14pe;3;2;9;9;9;1;1;6.666666667;7;7;1;7;7;6.333333333;1;1;4.333333333;5.333333333;1;1;3;3.666666667;1.1;1.25;1;1;1.166666667;1;1;1;1;7;1;1
;j7y9s9mo-3;2023-06-11;j7y9s9mo;3;3;9;9;9;1.333333333;4;5;5;6;1;5;7;5;1;3.666666667;3;6;1.666666667;1;2.75;4.666666667;2.2;2.25;2;5;3;5;5.666666667;6;1;3;1;4.333333333
;vid09aia-3;2023-06-11;vid09aia;3;4;9;9;9;2;2.25;6.333333333;6.25;5.5;2.25;4;6;6;1.666666667;4;4;4;2.666666667;3.8;5.25;4.666666667;1.6;1.75;3.333333333;2.333333333;3.666666667;3.333333333;2.333333333;2.666666667;4;4.5;4.333333333;4.333333333
;imz1sz6d-3;2023-06-11;imz1sz6d;3;3;9;9;9;1.666666667;2.5;4.666666667;5.25;5.25;2.75;4;5;3.666666667;3;3;3;3;3.666666667;3.6;3.75;1.666666667;2.9;3.75;4;4;3.5;3.666666667;3.666666667;3.666666667;2;2.5;2.666666667;3
;tttjh8g5-3;2023-06-11;tttjh8g5;3;3;9;9;9;3.666666667;2.5;4.666666667;4;5.25;5;5;6;4.666666667;3.333333333;3;3.666666667;5.666666667;1;1.2;4;5.333333333;2.6;2.5;3;3;4;2;2.333333333;2;1.333333333;3;1;4
;bkij1ijo-3;2023-06-11;bkij1ijo;3;1;9;9;9;1.333333333;4.5;4;4.75;6.25;1.25;5.666666667;5.666666667;3.333333333;1.333333333;2.333333333;3;2.666666667;2.333333333;2.8;3.5;4.333333333;4.1;4;2.666666667;2.666666667;4.833333333;2.333333333;2.333333333;6.333333333;1;1;1;4
;gwiydcrx-3;2023-06-11;gwiydcrx;3;6;9;9;9;1.666666667;1.5;7;7;7;1.25;7;7;6.333333333;1;1;6;6.333333333;1;1;6;4;1.6;2;5;1;3;1;1;1;1.333333333;3;2;3
;lckb6r1n-3;2023-06-11;lckb6r1n;3;5;9;9;9;1;1;7;7;7;2;7;5.666666667;1.333333333;7;4;4;4;4.666666667;4.4;4.75;4;3.9;1.25;1.666666667;2.333333333;2.166666667;2.666666667;2;2.333333333;2.666666667;2.5;3;2.333333333
;o1uyl68o-3;2023-06-11;o1uyl68o;3;5;9;9;9;3;1.5;6.666666667;5.5;6.75;1;6.666666667;7;3.666666667;1;1;4;3;2;5.2;2;2.333333333;1.9;2.75;2.666666667;5.333333333;1.666666667;1;1;1;5;6.5;3;6.666666667
;ngoqu5fr-3;2023-06-11;ngoqu5fr;3;4;9;9;9;1;7;4;5;3.75;3.5;5;7;2.333333333;1.666666667;5.666666667;1;7;1;1.6;2;6;3.7;6.25;1;7;2.333333333;1;4;7;2;3.5;2;5
;od2gt8fw-3;2023-06-11;od2gt8fw;3;4;9;9;9;1;1.5;6.333333333;5.75;6.25;1;6.666666667;7;6.333333333;1;2.666666667;3.666666667;3.333333333;1;1;2.75;5;1.7;2;1;1;1;1;2;1;2;1;1.333333333;3.333333333
;i3c09wbe-3;2023-06-11;i3c09wbe;3;4;9;9;9;4;3;4.666666667;3.5;2.75;3.5;5.666666667;6.333333333;5.666666667;4.333333333;2.333333333;3.666666667;6;3;2;4.25;6.333333333;4;2.5;4.333333333;3.666666667;3.5;1;4;6;1;1;1;4.666666667
;2ze615ki-3;2023-06-11;2ze615ki;3;4;117;117;120;1;2.5;4.333333333;6;6.5;1.5;6;6.666666667;3.333333333;1.333333333;1;5.666666667;5.666666667;5;5;4.5;3;1.2;1.75;4;1;2.333333333;1;1;1;2.333333333;3.5;2.666666667;3.666666667
;5p7u6ncy-3;2023-06-11;5p7u6ncy;3;5;9;9;9;2;3.5;4.666666667;3.25;4.25;2.25;5.666666667;5.666666667;4;2;1.666666667;5.666666667;4.333333333;3;3.6;4.5;5;2.4;4;4.666666667;4.333333333;3.5;1;3.666666667;2.333333333;4;2.5;2.666666667;4.666666667
;b2397n83-3;2023-06-11;b2397n83;3;3;9;9;9;1;2;5.666666667;5.25;7;1.5;7;7;5.333333333;1.333333333;2;3.666666667;4.666666667;1.666666667;1.6;1.75;3.666666667;1.7;1.75;1;1.333333333;1.666666667;1;2.333333333;1;3.666666667;3;1;4.333333333
;czen5l0x-3;2023-06-12;czen5l0x;3;3;9;9;9;1;6;5.333333333;5.75;5;2.25;5;7;3.333333333;1.333333333;3.666666667;3.666666667;5;4;1;4.25;5;4.8;3.75;4.333333333;4;4.666666667;4;4.666666667;3.333333333;3;1.5;1;3.333333333
;ti6i0zmo-3;2023-06-12;ti6i0zmo;3;6;9;9;9;4;3;5;6;5;2;6;6;6;3;5.333333333;4.666666667;3.333333333;4.666666667;5.2;4.75;5.666666667;4.3;4.75;2.333333333;4.333333333;3.333333333;4.333333333;5;2;4;5;4.666666667;2.333333333
;425r1bwh-3;2023-06-12;425r1bwh;3;3;9;9;9;5.333333333;5.5;5;5.5;5.75;2.5;5;4.333333333;5.333333333;5.333333333;3.666666667;6;5;5;4.2;4.5;4.666666667;3.1;2.5;4;5.333333333;4.5;4.333333333;4.666666667;3.333333333;5.333333333;5.5;5.666666667;4
;i44r7zda-3;2023-06-12;i44r7zda;3;4;9;9;9;4.333333333;3;5;4.5;5;3;4.666666667;6;5;1.666666667;2.333333333;5.333333333;6;3;2.6;2.25;5.666666667;1;4;3.666666667;2;4.166666667;1;1;1;4.333333333;4.5;2;3.666666667
;we5lbwub-3;2023-06-12;we5lbwub;3;1;9;9;9;1;1.75;6.333333333;7;6.25;1.25;7;NA;6;1.333333333;1;4;6.333333333;2.333333333;1;3.5;5.666666667;1.6;2.25;2.333333333;1.333333333;3.666666667;1;1;1;3.333333333;4.5;3;1
;rf863cqc-3;2023-06-12;rf863cqc;3;3;9;9;9;2;6;4.333333333;5;2.5;3.75;4.666666667;4.333333333;4.333333333;1.333333333;3.666666667;3;2.666666667;2.333333333;2;3.75;5;2.4;1.5;2;2;2;2;5;5;1.666666667;2;2.333333333;3
;11otr2gh-3;2023-06-12;11otr2gh;3;6;9;9;9;3.666666667;5;5.666666667;6;6.5;2;7;6.666666667;6.666666667;1;1;6.666666667;6;5;3.6;5.75;5.333333333;2.8;2;4.666666667;1;6.166666667;1;4.666666667;2;3.333333333;6.5;5.666666667;3
;sw3sous1-3;2023-06-12;sw3sous1;3;1;9;9;9;5.333333333;3.75;4.666666667;4.5;3.5;5.25;4.666666667;5;2.666666667;4;1;3.333333333;5.666666667;2.666666667;2;5.75;7;5.1;3.25;6;5;5.666666667;1;3.666666667;2;1.666666667;2;2;2
;68dv6jfc-3;2023-06-13;68dv6jfc;3;1;9;9;9;3.333333333;1;5.666666667;4.5;4;4;6.333333333;4;5.333333333;1.666666667;3;4.333333333;5.333333333;1;2;2;3;1.7;2;1;1;1.5;1;1.333333333;1;1;1;1;1
;e8xu16am-3;2023-06-13;e8xu16am;3;1;9;9;9;1;3;2.333333333;4.25;3;5;5.666666667;4.333333333;2;2;2.666666667;4;4;1;1;2.5;2;3.3;2.75;1.333333333;1;3;1;3;4;1;1;1;4.333333333
;lckb6r1n-4;2023-06-16;lckb6r1n;4;4;9;9;9;4.333333333;5;4.333333333;4.5;3.5;4;4;4;4.333333333;4.333333333;4.333333333;4.666666667;4.333333333;4.666666667;4.4;4.5;5;2.8;1.75;3;3.333333333;3.5;4;4;4.333333333;3.666666667;4;4;4
;wxuuhz4k-4;2023-06-17;wxuuhz4k;4;1;9;9;9;2;3.5;3.666666667;3.25;4.25;3;4;2;3.666666667;2.333333333;1;4;3.666666667;3;3;2.25;3.666666667;1.9;1;2.333333333;2;3;1;1;1;4.333333333;5;3.333333333;3.666666667
;dyfs8gmt-4;2023-06-17;dyfs8gmt;4;5;9;9;9;2.666666667;2.75;6;5.5;6.5;1.5;6;6;6;1;2.666666667;6;5;5;5.4;5.5;2.333333333;1;1;6;6;4.5;1;1;1;5.666666667;5.5;5.333333333;5.333333333
;lbazafhl-4;2023-06-18;lbazafhl;4;5;9;9;9;1;1.75;6;4.5;7;1;6;6;5.333333333;1;2.333333333;4.333333333;5;2.666666667;3.2;2.75;4.666666667;1;1.75;4;1;3.5;1;1;1;3.333333333;4;2.666666667;5
;yzbrjqqu-4;2023-06-18;yzbrjqqu;4;3;456;9;9;4;5.5;3.666666667;4.75;2.5;4;3.333333333;4;3.666666667;4;3.666666667;3.666666667;4.333333333;4;4;4.75;4.666666667;4.4;2.5;3.333333333;2;2.5;3.666666667;3.333333333;4;2.666666667;2.5;2.666666667;3.333333333
;lh9rzirm-4;2023-06-18;lh9rzirm;4;1;9;9;9;6;1;6.333333333;5.25;3.5;2.5;6;6.333333333;7;1;1;4;2;1;1;4;1;1;2.5;1;1;2.5;1;1;1;1;1;1;1
;9324scyl-4;2023-06-18;9324scyl;4;5;9;9;9;2.666666667;2.25;5.666666667;5.75;5.75;1.5;6;6.333333333;5.666666667;1.666666667;2.666666667;4;5;3.666666667;1.2;2.75;3;1.3;1.75;3.333333333;2.333333333;2.833333333;1;1.666666667;2;1;1;1.333333333;1.333333333
;2soy75gc-4;2023-06-18;2soy75gc;4;5;9;9;9;1;1;5;4;2;6;7;4;7;5.666666667;1;6;7;6;6;6;3.333333333;1;1.25;3.666666667;1;5.333333333;1;1;1;6;6;6;6
;imz1sz6d-4;2023-06-18;imz1sz6d;4;3;9;9;9;1.666666667;2.75;3;3.5;4.75;3.25;3;3;2.666666667;3;2.666666667;4;3;3.666666667;3.6;3.5;4;3.6;3.5;3.333333333;3.333333333;3.666666667;2.666666667;3.333333333;3.333333333;3;4;4;3
;judkv65u-4;2023-06-18;judkv65u;4;6;9;9;9;2.333333333;2.5;6;6;6;1.25;6;6;6;1;1;6;5;6;6.2;5.75;3.666666667;1.5;1.75;4;1;4.333333333;1.333333333;1;1;7;7;7;5.666666667
;11otr2gh-4;2023-06-18;11otr2gh;4;3;9;9;9;1.333333333;2.25;6;5.25;6.5;2.5;6;6;6.666666667;1;1;6;6;2;2;4.5;4.333333333;1.6;1.5;3.666666667;1;5;1;2.666666667;1;1.666666667;1;1;1
;2ze615ki-4;2023-06-18;2ze615ki;4;4;200;200;120;1.333333333;3;4.666666667;4;7;2.5;4.666666667;7;4;1.333333333;2.666666667;5.666666667;5;2.333333333;2;2.75;2.333333333;1.2;1.5;2.666666667;1;2;1;1;1;2;2;1.666666667;3
;nrg5izie-4;2023-06-18;nrg5izie;4;3;9;9;9;3.333333333;4;5.666666667;5.25;5.75;1.25;6.666666667;6;4.333333333;1.333333333;1.666666667;6;4.666666667;2.333333333;1.8;3.75;3.333333333;2.8;4;3;2.666666667;3.5;1.666666667;1.666666667;1.333333333;1.666666667;5;4.666666667;4.666666667
;3o2b1j47-4;2023-06-18;3o2b1j47;4;4;9;9;9;3.666666667;3.5;4.333333333;5;5;3.5;5;6.666666667;3.333333333;3;3.333333333;3.333333333;4;1.333333333;2;3;4;2.5;3.25;3;3.666666667;3;3;4.333333333;3;1.666666667;1;1.666666667;1.666666667
;07igutj0-4;2023-06-18;07igutj0;4;3;200;9;9;1;1.75;7;7;7;1;7;7;7;1;1;6;2.666666667;7;4.4;4.5;1;1;1;6;4.666666667;1.833333333;1;1.333333333;1;5;5;6;2.333333333
;tmnfi26g-4;2023-06-18;tmnfi26g;4;5;280;250;200;5.333333333;4.75;5;5;4;2;7;5;5.333333333;4.333333333;5.666666667;3.666666667;5.666666667;4.666666667;4.8;4.75;4.666666667;4.8;5.5;4.666666667;4.666666667;4.833333333;6;5.666666667;5;5.666666667;6;6;6
;ti6i0zmo-4;2023-06-18;ti6i0zmo;4;3;9;9;9;4.333333333;4.75;5.333333333;5.75;5.5;2;6;4.333333333;4;2.333333333;3;4;5;3;2.8;4.5;4.666666667;4.4;4.5;4;3.333333333;4.666666667;2.666666667;4;4;4;3;3;4.666666667
;t4kcx7y1-4;2023-06-18;t4kcx7y1;4;5;9;9;9;1;1;6;6;6;2;6;6;7;1;1;5;5;2;2;3;3;1;1.5;3;1;3;1;2;1;1;2;1;1
;u84dgoxj-4;2023-06-18;u84dgoxj;4;3;9;9;9;2.666666667;3.5;2.666666667;2.5;4.75;5;5.333333333;1.666666667;3;1.333333333;2;4.666666667;5;2;3.2;3.25;4.333333333;2.1;2.25;2.666666667;3;3.166666667;1;1.666666667;2.666666667;3;3.5;3.333333333;2.333333333
;um2ssh0q-4;2023-06-18;um2ssh0q;4;3;9;9;9;1;3;5;5.25;4;2.75;7;6.666666667;4.666666667;1;1;5;4.333333333;6;6;4.5;4.666666667;2;1.75;5;1;4.833333333;1;1;1;5.333333333;7;6.333333333;7
;o1uyl68o-4;2023-06-18;o1uyl68o;4;5;9;9;9;2.333333333;5;5.333333333;4;6.5;1.5;5.666666667;7;5;1;1.333333333;4.666666667;4.333333333;3.333333333;2.2;2;4;2.8;1.5;4;4.333333333;4;1.333333333;1;1;2.333333333;2;2.666666667;3.666666667
;qq52peh8-4;2023-06-18;qq52peh8;4;5;9;9;9;3.666666667;1.25;2;2;2.5;3.75;5.666666667;7;3.333333333;4.333333333;1;3.666666667;4;2.333333333;1.8;6.5;4;1.9;2.25;1;1.666666667;4.5;1;1;1;1.666666667;5;2.666666667;2.333333333
;1yqt7phg-4;2023-06-18;1yqt7phg;4;7;9;9;9;3.666666667;3.5;5;5.5;4.25;2;6.333333333;7;7;4;3.666666667;4;4;4.666666667;5.6;5;5.333333333;4;3.5;4.333333333;5;4.833333333;2.666666667;5.666666667;3.666666667;4.666666667;5.5;6.333333333;4.333333333
;od2gt8fw-4;2023-06-18;od2gt8fw;4;1;9;9;9;1;2.25;5.333333333;6;5.5;1.5;6.333333333;4;5;1.666666667;2;4.666666667;3;1.666666667;1;2.75;3.333333333;1.2;1.25;1.666666667;1.666666667;1.333333333;1;1.333333333;1.333333333;1.333333333;1;1;2
;mbgamfzg-4;2023-06-18;mbgamfzg;4;3;9;9;9;3;4.75;4.333333333;5.25;3;2;6.333333333;5.333333333;5.333333333;3;3;4;5;5;4.8;5.25;5;3.7;4;3.666666667;4;4.166666667;4;4;3;2;5;5;4.666666667
;tso8ntq4-4;2023-06-18;tso8ntq4;4;3;9;9;9;7;1;3;3;3;5;4;4;3;5;3;3;5;5;5;4;5;4.9;2.75;2;4;3.666666667;3;6;6;6;6;6;6
;ki38tijo-4;2023-06-18;ki38tijo;4;5;350;350;330;2;3;5.333333333;5;5;3;6;5;4.333333333;3;3;5;5;4.333333333;4.4;4;3.333333333;3.2;4;4;3.666666667;3.833333333;3;3.666666667;3;4;5;4.333333333;4
;gy0dk4ej-4;2023-06-18;gy0dk4ej;4;4;9;9;9;4.333333333;4;5;4.25;4.5;2.25;5.333333333;NA;5;1.333333333;1.333333333;5;5;2;1.8;4;4.666666667;2.9;3.25;4.333333333;2;4.5;1;2;2;2.666666667;5;4;2.666666667
;7m7bw33l-4;2023-06-18;7m7bw33l;4;4;9;9;9;3.666666667;2;5;5;7;1;7;7;3;1;2;5;6;1;1;4.25;7;2.6;1.75;4;3;7;1;1;3;1;1;1;1
;z4tjfyag-4;2023-06-18;z4tjfyag;4;2;9;9;9;1.666666667;5.5;4.666666667;3.5;5;3.75;3.666666667;3.666666667;4.666666667;2.666666667;4.333333333;4;6;1.666666667;1.2;1;5;2.8;3.25;3;2;2.166666667;2;1;1;1.333333333;2;1.333333333;2
;pir7k37c-4;2023-06-18;pir7k37c;4;4;9;9;9;3.333333333;5.75;5;5.25;6.25;1.25;5.333333333;5.333333333;2;1;1.666666667;3.666666667;5.666666667;1.666666667;2;2;5;4.6;2.75;3.333333333;2.666666667;4;1;1.666666667;2.333333333;1.666666667;2;1;4.666666667
;p2dmw02s-4;2023-06-18;p2dmw02s;4;4;9;9;9;2.666666667;2.5;4.666666667;5.25;6.75;1;6.333333333;6;3;1;1;4;5;1;1.6;3.75;3.333333333;2.2;2.75;2.666666667;2;2.666666667;1;1;1;1.666666667;4;3;4.333333333
;dxrf7y3e-4;2023-06-18;dxrf7y3e;4;3;9;9;9;3.666666667;2.5;5.333333333;4.5;4;3.25;5.333333333;6.333333333;3.333333333;2.333333333;2.666666667;4.666666667;5;1;1;3.75;4.666666667;3.2;3.25;1.666666667;3.333333333;4.333333333;1.666666667;3;3;1;1;1;2.333333333
;r3f01tls-4;2023-06-18;r3f01tls;4;1;9;9;9;1;1.25;4.666666667;6;3.75;3.25;4;5.333333333;5;2.666666667;1;4;5;1;1;4.5;3.666666667;1.6;2;2;2.666666667;2.5;1;1;1;1;1;1;1
;p0b68lt2-4;2023-06-18;p0b68lt2;4;5;9;9;9;1;2.25;6;6.5;5.25;2.5;7;7;5.333333333;1.333333333;1;5;7;2.333333333;3.2;5;6.333333333;2.5;2.5;3.666666667;1.333333333;3;1;1.666666667;1;1.333333333;6;4;1.666666667
;tttjh8g5-4;2023-06-18;tttjh8g5;4;2;9;9;9;2.666666667;2;4.666666667;4.25;3.5;4;6;6;5;3.666666667;2;5;6;1;1.4;4.25;4;2;2.25;4;2.666666667;3.166666667;1;1.333333333;2;2;2;2;3.333333333
;joqn391r-4;2023-06-18;joqn391r;4;2;NA;NA;NA;3;2.5;5.666666667;4.5;3;3.5;5.666666667;7;6;3;2.333333333;4.666666667;3;2.333333333;2;2.5;2.666666667;1.8;1.75;3.333333333;2.333333333;2;1.333333333;3.333333333;2;1.666666667;2;2.666666667;3.666666667
;dgw6atpz-4;2023-06-18;dgw6atpz;4;4;9;9;9;1;1.5;6.333333333;6.75;6.75;1.25;6;7;6;1;1;4.333333333;3;1.333333333;1.8;1;2.333333333;2.1;2;1.666666667;1.666666667;1;1;1;1;2;2;3;3
;mu12rky-4;2023-06-18;mu12rky;4;2;9;9;9;2.666666667;3.75;3.333333333;1;1.25;6.25;4;4;1;1;4;4;4.333333333;1.666666667;1;1;2;3.1;2;2.333333333;4.333333333;4;1;1.666666667;1.666666667;1;1;1;1
;u4x5lzw2-4;2023-06-18;u4x5lzw2;4;4;9;9;9;3.333333333;3.25;3.333333333;3.5;5.25;2;4;5.666666667;2;1.666666667;1;4.666666667;5;2;3;1.25;5;4;2.5;1;3;2.666666667;1;3.333333333;5;1;1.5;1;1
;b2397n83-4;2023-06-18;b2397n83;4;3;9;9;9;1;1.25;5.666666667;5;6.75;1.5;7;7;6;2.333333333;1;4.666666667;7;1.666666667;1;1;4.666666667;1.1;2.25;1;2;2;1;2.666666667;1;1;3;1;2
;oagsgy8g-4;2023-06-18;oagsgy8g;4;4;9;9;9;5.333333333;4;5;5;4.25;5.25;4.666666667;4;5.333333333;4.666666667;4;4.333333333;5;4.666666667;4.4;5.25;4.333333333;4.2;4.5;4.333333333;5.333333333;5.166666667;4.333333333;5;5.333333333;4.666666667;4;4.666666667;3.333333333
;110cu3mn-4;2023-06-18;110cu3mn;4;4;9;9;9;1;2.5;3.333333333;2.5;2.75;1.75;6;5.333333333;4.666666667;3;2.333333333;4;7;1;1;3.25;3.666666667;1.7;3;2.666666667;2;3.166666667;1;1;1;1;2;1;1
;i44r7zda-4;2023-06-18;i44r7zda;4;1;9;9;9;3;2;6;5.75;6;2;5;6;5;1;1;5.666666667;6;6;5;3;5;1.1;2.25;4.333333333;1.333333333;3;1;1;1;3;3;1.333333333;1
;we5lbwub-4;2023-06-18;we5lbwub;4;5;9;9;9;1.333333333;1.75;7;7;7;1;7;NA;5.666666667;1;1;5;6.666666667;1;1;3;5.666666667;1.4;1.5;1.333333333;2.333333333;4.333333333;1;1;1;2.666666667;1.5;1.666666667;1
;ngoqu5fr-4;2023-06-18;ngoqu5fr;4;1;9;9;9;1;1;5.666666667;5.5;2.75;2.25;5;4;1;1;1;4;7;1;1;4.25;5;1.4;2.75;1;5;2;1;5.666666667;5;1.333333333;4;1;6
;gwiydcrx-4;2023-06-18;gwiydcrx;4;7;9;9;9;1;1.25;7;6.5;6.5;1.25;7;7;7;2;1;7;7;1;1;6.75;5.333333333;1.7;2.5;7;1;4.833333333;1.333333333;1;1;1;1.5;1.333333333;1
;1hpx6k84-4;2023-06-18;1hpx6k84;4;7;9;9;9;1;2.75;5;5;4.75;2;5.333333333;5.333333333;4.666666667;1.333333333;2;5.666666667;7;1;1;2.75;5.666666667;3;6;3.666666667;2.666666667;3.166666667;1;2.666666667;1;1;2;1;2.333333333
;5p7u6ncy-4;2023-06-18;5p7u6ncy;4;6;9;9;9;2;4;4.666666667;6;6.75;2;4.666666667;5.666666667;4.333333333;1.333333333;2.666666667;5.333333333;6;4.666666667;4;4.5;2.333333333;2.4;4.75;5;3.666666667;2.833333333;1.333333333;2.333333333;1.333333333;4.333333333;4.5;5.333333333;4.666666667
;450lb03u-4;2023-06-18;450lb03u;4;2;9;9;9;2;3.25;5.666666667;4.25;6.75;1;6;5.666666667;5;1;2;5;6;1;1;4;2;1.8;1.75;4;4;2.5;1;1;1;1;4;2;2.666666667
;eakrjt32-4;2023-06-18;eakrjt32;4;5;9;9;9;4;4;4.666666667;5.25;6;1.75;5.666666667;6;5.333333333;1;5.333333333;5;5;4.666666667;1.8;2;3.333333333;3.5;4;4.333333333;2.666666667;3.666666667;1;2;2;1;2;1.666666667;2
;sw3sous1-4;2023-06-18;sw3sous1;4;2;9;9;9;2.666666667;1.75;5.666666667;6;6;2;6;7;1;2;2.333333333;5;6;3;1;4.75;5.333333333;3.3;1.25;6;4;5.166666667;2.333333333;5.666666667;4;1;1;1;3
;bkij1ijo-4;2023-06-18;bkij1ijo;4;5;9;9;9;2.666666667;4.75;5.333333333;4.75;6.25;1.25;5.666666667;5.333333333;4.666666667;1.666666667;1;4.333333333;1.666666667;1.333333333;2.2;1.5;1.333333333;1.5;1.75;3.333333333;3.333333333;1.5;2.333333333;2.333333333;2;1;1.5;1;1.333333333
;rctqcmqh-4;2023-06-18;rctqcmqh;4;4;9;9;9;4;4;4;6.75;5.75;2.25;4;4;4;2;4;5;5;4.666666667;4;4;5;1;2.25;3.666666667;4;5;4;4.333333333;4;4.333333333;4;4;4
;i3c09wbe-4;2023-06-19;i3c09wbe;4;2;9;9;9;2.333333333;5.5;3.333333333;2.75;2.25;2.5;5;7;5.666666667;2;3;3;5.333333333;3.333333333;4;5.25;5;2.8;3;3.333333333;4;3.5;1;4.333333333;5;5;5;4.333333333;3.666666667
;zyjosap9-4;2023-06-19;zyjosap9;4;3;9;9;9;3.333333333;3.5;5;4.75;2.5;3.75;7;6;5;1.333333333;1;5;3;4;4.6;4.75;4.333333333;3.2;1.5;3;5;3.666666667;1;5.333333333;5;3;4;3.333333333;3
;425r1bwh-4;2023-06-19;425r1bwh;4;6;9;9;9;5.666666667;4.75;7;6.75;6.25;1.5;7;5.666666667;5.666666667;5.333333333;4.666666667;7;6;5.333333333;4.6;5;5.333333333;2;1.25;6;1;5.166666667;1;1.333333333;2.666666667;5.666666667;5.5;5.666666667;5.666666667
;cmil14pe-4;2023-06-19;cmil14pe;4;3;9;9;9;1;1;6;6.5;6;1.25;7;7;6;1.333333333;1;4;4;1.666666667;1;2.5;4;1.1;1.25;1;1;1.5;1;1;1;1;4;4;1
;68dv6jfc-4;2023-06-19;68dv6jfc;4;6;9;9;9;1.333333333;2;5.666666667;4.5;6;1.5;5.666666667;5;3;2.666666667;4.666666667;3.333333333;5;1;1;1.25;4.666666667;3.1;3.75;1.666666667;1;1.666666667;2;1;1;1;1;1;2
;vid09aia-4;2023-06-19;vid09aia;4;4;9;9;9;3.333333333;2;6.333333333;5.75;5.5;2.5;4;6;4;4;5;4;4.333333333;4;5;5.25;4;2.2;2.5;3.666666667;4.666666667;4;4.333333333;4;4;5.666666667;6;5.666666667;4
;vprnb3ff-4;2023-06-19;vprnb3ff;4;1;9;9;9;1;1;5;6;5.25;2;6.666666667;1;7;3.333333333;1;4;3;1;1;2;4;1;3;1;1;3;1;1.333333333;1;1;2;1;3.333333333
;raw3wl0t-4;2023-06-19;raw3wl0t;4;4;9;9;9;5.666666667;5.75;4.666666667;4.75;6.25;1.25;4;4.333333333;5;1;1.333333333;4;6;2.666666667;3.4;3.5;5.333333333;4.8;1.75;4.333333333;3.333333333;5.833333333;1;2;5;5;5;5;5.666666667
;efwegi6z-4;2023-06-19;efwegi6z;4;5;9;7;7;1;1.25;5.666666667;6.25;7;1.25;5.333333333;NA;4;2;2.333333333;5;5.333333333;3;1.2;4;3.666666667;1.9;2.25;4.666666667;2;5.166666667;1.333333333;1.333333333;3.666666667;2.333333333;4;1;2.333333333
;rf863cqc-4;2023-06-19;rf863cqc;4;6;9;9;9;2;4.25;4.333333333;5;5;2;5;6.666666667;2;1.666666667;1;3;5;1;1;4.25;6.333333333;3.8;3;3;6;3.333333333;1;5;5;2;2;2;3
;6g12mrih-4;2023-06-19;6g12mrih;4;5;9;9;9;3;4;6;6;7;1;7;7;5;1;1;5;5;5;5;5;4;2.5;3;4.333333333;2;5;1;1;1;6;6;6;6
;e8xu16am-4;2023-06-19;e8xu16am;4;4;9;9;9;1;4.75;1.666666667;3.25;4.25;4.75;4;3.333333333;2;2;1.666666667;3;3.666666667;1;1;2.75;5;4.6;4.5;4;4;4.5;1;3;5;1;1;1;4.666666667
;czen5l0x-4;2023-06-19;czen5l0x;4;2;9;9;9;2;6.75;2.666666667;2.25;1.75;4.75;2.666666667;3.333333333;1;3.666666667;3.333333333;3.666666667;4.666666667;3.666666667;1.4;3.25;6;5.9;7;1.666666667;4.666666667;3.5;4;6.333333333;7;2;1.5;1.333333333;3
;ismmvezu-4;2023-06-19;ismmvezu;4;5;9;9;9;4;3.25;3.666666667;4;3;3;5;6;4.333333333;2;2;4.666666667;5.666666667;2;2;4.25;4.333333333;2.9;2.5;3;5;4.166666667;1;1.666666667;1;1;1;1;5
;raw3wl0t-4;2023-06-20;raw3wl0t;4;5;9;9;9;5.666666667;5.25;5;4.75;6.75;1.25;4.666666667;4.666666667;5;1;1.333333333;4;6.333333333;2.666666667;2.6;4.25;5.333333333;4.2;3.75;3.333333333;3.666666667;5.333333333;1;3.333333333;5;3;3;3;4.333333333
;raw3wl0t-0;2023-06-21;raw3wl0t;0;5;9;9;9;3.666666667;3.75;5.666666667;5;7;1;5;5;5.666666667;1;1;4.666666667;5.333333333;5;5.6;4.75;3.666666667;3.5;2.5;5;1.666666667;4.333333333;1;1;5;4.666666667;5;5;5
;tmnfi26g-0;2023-06-21;tmnfi26g;0;4;9;9;9;6;4.5;4.333333333;5.75;5.75;1;5.333333333;6;4.333333333;2;2;4.666666667;4;1;1.4;1.5;3.333333333;5.8;3.25;5.666666667;4.333333333;4.166666667;2;6;4;1.333333333;5.5;5.666666667;5
;eakrjt32-0;2023-06-21;eakrjt32;0;3;9;9;9;3.666666667;3;4.333333333;5;6;2;6.333333333;6.666666667;5.333333333;1;2.333333333;5;2.333333333;3.666666667;3;2.5;2.333333333;2.6;4.25;4.333333333;3.666666667;2.833333333;1;3.666666667;2;2.333333333;2;1.666666667;4
;lzfx0oul-0;2023-06-22;lzfx0oul;0;4;9;9;9;1;1;4.666666667;4.5;5.25;1.25;6;6;6;1;1;4.666666667;4;2.333333333;3;4;1;1.2;1.75;4;1;3.333333333;1;1;1;3.333333333;4;3;2
;raw3wl0t-5;2023-06-25;raw3wl0t;5;5;9;9;9;1;3.5;7;7;7;1;6;6.333333333;7;1;1;5;4.333333333;4.666666667;5;5;1.333333333;1.1;1;5;2;4.166666667;1;1;1;5.666666667;6;6;5
;lbazafhl-5;2023-06-25;lbazafhl;5;5;9;9;9;1;3.5;5.666666667;4.5;7;1;6;5.333333333;6;1;3.333333333;3;4.333333333;3.333333333;2.4;2.5;4.666666667;2.5;1;2.333333333;5.333333333;2.833333333;3.333333333;5.666666667;5;3.333333333;3;3.333333333;4
;tmnfi26g-5;2023-06-25;tmnfi26g;5;6;9;9;9;4.666666667;5.5;4.666666667;5.25;5.25;1;6;5.666666667;5;3;3;4.666666667;3.666666667;1.333333333;3.8;4.25;5;4.9;2.5;3.666666667;4;4.166666667;4;4.666666667;4.666666667;4.666666667;5;4.666666667;5.333333333
;judkv65u-5;2023-06-25;judkv65u;5;4;9;9;9;1;1;7;7;7;1;7;7;7;1;1;4;4.666666667;4.666666667;5;4.75;1.333333333;1;1.25;4;4;4;4;4;4;7;7;7;7
;11otr2gh-5;2023-06-25;11otr2gh;5;3;9;9;9;2.333333333;4.25;6;6.5;6.5;2.25;6.666666667;6.333333333;6.666666667;1;1;6.666666667;6;3;3.2;5.25;4;1.6;1.5;4.333333333;1;4.833333333;1;1;1.666666667;3.333333333;4;1;2.333333333
;mbgamfzg-5;2023-06-25;mbgamfzg;5;3;9;9;9;4.666666667;2;3.333333333;3.5;3;1;2.666666667;4;3;2;2;4;2;4;3;5.5;4;3.4;3.75;5;2;5;2.666666667;2;1;6;6;6;4
;07igutj0-5;2023-06-25;07igutj0;5;5;9;9;9;1.333333333;2.75;7;6.25;7;2;7;7;7;1;1;6;6;5.666666667;1.2;2.25;6;1.1;2.75;4;1.666666667;1.666666667;1;1;1;2.666666667;2;1;2.666666667
;110cu3mn-5;2023-06-25;110cu3mn;5;1;9;9;9;1;2.75;3.666666667;4;4.25;2;5.666666667;4.666666667;3;1.666666667;1;4;6.666666667;1;1;1;3.666666667;1.3;1.5;1;1;1;1;1;1;1;1;1;1
;9324scyl-5;2023-06-25;9324scyl;5;5;9;9;9;2.666666667;2.25;5;5.5;6.75;2;6;5;4.666666667;2.333333333;2.333333333;5.666666667;5.333333333;4.666666667;2.2;4.5;3.333333333;1.9;2.25;4;3;2.833333333;1;2.333333333;5.333333333;5;1;1;1.333333333
;6g12mrih-5;2023-06-25;6g12mrih;5;6;9;9;9;4;4;7;7;7;1;7;7;7;2;1;4;6;6;6;6;4;3.3;3.5;6;1;5;1;1;1;6;6;6;7
;rctqcmqh-5;2023-06-25;rctqcmqh;5;4;9;9;9;4;4;5.666666667;6;5.75;2.5;6;4;5.333333333;1.666666667;2.333333333;4;4.666666667;1;1;4;4;1;1;3.666666667;4;3.833333333;1;1;1;4;4;4;4
;um2ssh0q-5;2023-06-25;um2ssh0q;5;4;9;9;9;4;5;6;5;6;1.75;7;7;7;1.333333333;1;5;5.333333333;5.333333333;5.4;3.25;5.666666667;2.3;3.25;4;4;4.333333333;1;5;4;3.666666667;7;7;5.666666667
;lh9rzirm-5;2023-06-25;lh9rzirm;5;6;9;9;9;4.333333333;2.75;7;7;7;1;7;7;6;1;1;4.666666667;7;4.333333333;4.4;5.25;5;1.6;3;4;1;4;1;1;1;4;4;4;3.666666667
;1yqt7phg-5;2023-06-25;1yqt7phg;5;5;9;9;9;2;6.25;2.333333333;2.25;1.75;4.75;3.666666667;5;2.666666667;2.666666667;4;4.666666667;5;1.666666667;2.2;3.75;5;2.5;5;3.333333333;4.666666667;4;5;4.333333333;4.666666667;3;2.5;4.666666667;6.333333333
;r3f01tls-5;2023-06-25;r3f01tls;5;1;9;9;9;1;2;4.333333333;4.75;2.25;5.25;5.333333333;6.333333333;4;3;1.333333333;4;6;1;1;3.5;4.666666667;1.7;2.5;1;5.333333333;1;1;1;1;1;1;1;1.666666667
;qq52peh8-5;2023-06-25;qq52peh8;5;4;9;9;9;3.666666667;1;5.333333333;3.25;4.25;2.25;6.666666667;7;5;3;1;4.666666667;4;2.666666667;1.8;6.25;3.333333333;1.9;2.25;3.333333333;2.333333333;2.666666667;1;2.333333333;1;1;5;2;2
;vid09aia-5;2023-06-25;vid09aia;5;4;9;9;9;2.333333333;2;7;6.75;6;1.75;6;5.333333333;6;2;3.666666667;4;4.333333333;3.666666667;3.4;5;4;2.3;2.25;3.333333333;3;4;2.666666667;3.333333333;2;3.666666667;4;4;2.666666667
;nrg5izie-5;2023-06-25;nrg5izie;5;1;9;9;9;1.333333333;2.5;5.666666667;6.75;5.75;1.5;6.333333333;6;5;1.666666667;3;5.333333333;3.666666667;2;3.2;5;4;3;3;2.333333333;2.666666667;4;1.666666667;2.666666667;2;4.333333333;3.5;3;4
;u84dgoxj-5;2023-06-25;u84dgoxj;5;2;9;9;9;3;3.5;5.333333333;5.25;6;2.25;5;4.333333333;3.666666667;1.666666667;1.666666667;4.666666667;4;6;3.4;3.75;4;1.7;1.5;2.333333333;3;3.166666667;1;1.666666667;2.333333333;3;3;3;2.666666667
;pir7k37c-5;2023-06-25;pir7k37c;5;1;9;9;9;3;4;4.333333333;2.75;7;1;6.333333333;5.666666667;2.666666667;1;2.666666667;3;5;1;1.2;2.5;5;4.3;3;2.333333333;3;5.166666667;1;6;2.333333333;1.333333333;2.5;2.666666667;1.666666667
;gy0dk4ej-5;2023-06-25;gy0dk4ej;5;6;9;9;9;4.333333333;4;5.333333333;5.5;7;1;6;4;4.666666667;1.333333333;1;6;6;6;5.4;5.5;4.666666667;1.6;2.25;5;2;4.5;1;2;4;5.333333333;6;5.666666667;2.666666667
;2soy75gc-5;2023-06-25;2soy75gc;5;5;9;9;9;4;2.5;3;2;2.25;6.5;7;7;6;4.666666667;1;3.666666667;5;4.666666667;3.2;5;6;1.8;2;4;2.666666667;4.666666667;1;1;1;4.666666667;5;4;3.666666667
;u4x5lzw2-5;2023-06-25;u4x5lzw2;5;1;9;9;9;2.333333333;2;5;5.5;4.5;3.5;4.333333333;6;4;1.666666667;2.333333333;4;5;2.666666667;2.8;2.5;4;2.8;3.75;2.333333333;3.666666667;3.333333333;1;4.666666667;5;3.333333333;2;1.666666667;4
;joqn391r-5;2023-06-25;joqn391r;5;2;NA;NA;NA;1.333333333;1.75;6;5.75;3.75;3;6;7;5.333333333;2;2.666666667;2.666666667;2.333333333;3;2.4;2.25;2;2.7;2.5;2.333333333;2.666666667;2;2;2.333333333;1.333333333;2.666666667;2.5;2.333333333;2.666666667
;ki38tijo-5;2023-06-25;ki38tijo;5;5;350;80;70;5.666666667;2;5.333333333;5.75;6;2;5.666666667;5.333333333;5;2;2;5;3;2.666666667;3;5;2.333333333;2.1;2;3;2.333333333;3.166666667;2;2;2;3;4;3;4.666666667
;t4kcx7y1-5;2023-06-25;t4kcx7y1;5;5;9;9;9;3.666666667;3;3.333333333;4.25;6.75;1;5;5.666666667;6;1.666666667;1.666666667;5.666666667;4;4;1;3.25;3;1;2.75;4.666666667;1;2.833333333;2.666666667;3;2;1;1;1;3.666666667
;j7y9s9mo-5;2023-06-25;j7y9s9mo;5;3;9;9;9;1.333333333;4.25;3.666666667;4.25;5.75;2;5;7;5;1;3.333333333;3;6;5;3.4;3;5.666666667;3.6;1.75;2.333333333;5;2.666666667;7;6;7;2.333333333;2;3;3.666666667
;1hpx6k84-5;2023-06-25;1hpx6k84;5;5;9;9;9;1;3;4.666666667;5.5;5;2.25;5.666666667;6;5;1.333333333;2;5.666666667;7;1;1;4.5;5.666666667;2.4;4.75;2.666666667;2;4.833333333;1;1.333333333;1;1;1;1;3.333333333
;b2397n83-5;2023-06-25;b2397n83;5;5;9;9;9;4.333333333;3.25;4.333333333;4.25;3;2.25;7;6.666666667;2.333333333;1.333333333;1;2.666666667;4;1;1.4;1.75;2.333333333;2.6;2.25;1.333333333;4.666666667;2.333333333;1;3.666666667;5;1;1;1;3.333333333
;cmil14pe-5;2023-06-25;cmil14pe;5;1;9;9;9;1;1;7;7;7;1;6;7;7;1;1;4;3;1;1;2.25;3;1;1;1;1;1;1;1;1;1.333333333;4;1;1
;i44r7zda-5;2023-06-25;i44r7zda;5;1;9;9;9;1.333333333;1;5;5.75;6.75;1;4.666666667;5.333333333;6;1;1;3.666666667;5.666666667;3.666666667;1;1.75;4.333333333;1;3;2.333333333;1;2.166666667;1;1;1;2.666666667;2;1;1
;tttjh8g5-5;2023-06-25;tttjh8g5;5;3;9;9;9;1;1;5.666666667;4.75;6.25;2.25;6;6.333333333;4.333333333;2.333333333;1.666666667;5.666666667;6;2.333333333;3;4.5;4.333333333;2;2.5;3.666666667;1.666666667;3.833333333;1;1.333333333;2.333333333;1.666666667;4;1;4.333333333
;7m7bw33l-5;2023-06-25;7m7bw33l;5;6;9;9;9;5.666666667;5;5.666666667;6;5;3;7;7;7;1;1.666666667;6;5.333333333;1;1;5;7;4.5;1.75;5.666666667;4;5.333333333;1;2;3;1;4;3;1
;lzfx0oul-5;2023-06-25;lzfx0oul;5;5;9;9;9;1;1.75;6;4.75;6.5;1;6.333333333;6;6.666666667;1;1;5;5;2;1;3.5;1.666666667;1;1;4.333333333;1;2.333333333;1;1;1;3;2;2;1
;mu12rky-5;2023-06-25;mu12rky;5;6;9;9;9;4.666666667;5.5;2.333333333;4;3.75;1;5.666666667;5.666666667;2.333333333;1;4.333333333;4;5.666666667;1;1;5;5.666666667;3;3.75;3.666666667;4.666666667;5;1;5.333333333;1;1;1;1;1
;od2gt8fw-5;2023-06-25;od2gt8fw;5;2;9;9;9;1;2.25;6;5.5;5.5;2;6;5.666666667;3.666666667;1.666666667;3;4.333333333;2.666666667;1.333333333;1;2;1.333333333;1.4;2.25;1.333333333;1.666666667;1.5;2;1.333333333;1.333333333;1;1.5;1.333333333;3.666666667
;eakrjt32-5;2023-06-25;eakrjt32;5;5;9;9;9;1;6;5.333333333;4.5;6;1.5;6.333333333;6.333333333;5;1;1;2.333333333;5.666666667;4;5;4.5;6.333333333;5.6;5;3.666666667;4.333333333;4.833333333;1;3.666666667;1;3.666666667;5.5;5.333333333;4.333333333
;zyjosap9-5;2023-06-25;zyjosap9;5;3;9;9;9;4;6;3.666666667;4.25;2.75;3.5;5;6.333333333;4.333333333;2;1;3;6;5;5;4;5;4.2;1.25;3;5;4.333333333;1;5;5;3.333333333;5;5;3
;dgw6atpz-5;2023-06-25;dgw6atpz;5;4;9;9;9;1.666666667;2;6.333333333;5;7;1.25;5.333333333;7;5.333333333;1;1;4.333333333;5;3.333333333;4.2;1.75;2.333333333;1.7;2;1;1;1;1;1;1;4.333333333;5;5;3.666666667
;oagsgy8g-5;2023-06-25;oagsgy8g;5;4;9;9;9;5;4.25;4;4.75;2.5;5.75;4.666666667;3.666666667;4;3.666666667;4.333333333;5.333333333;3.333333333;3;2.6;2.75;5;5.3;5.25;4;4;3.166666667;4;3.333333333;4;5.333333333;6;5.666666667;6.333333333
;p0b68lt2-5;2023-06-25;p0b68lt2;5;5;9;9;9;2;2.25;6;5;5;2.5;7;7;6.333333333;1;1;4.666666667;7;1;2.8;7;6;1.8;2.25;2;1;2.166666667;1;1;1;1.333333333;3;2;1
;tso8ntq4-5;2023-06-25;tso8ntq4;5;5;9;9;9;5;5.5;3;1.75;4;4;5;NA;3;4.333333333;4;4;5;5;5;5;5;4.5;3.5;3;4;4.333333333;5;5;4;5;5;5;3
;czen5l0x-5;2023-06-25;czen5l0x;5;1;9;9;9;1.666666667;7;4.666666667;4.5;3.5;5.25;5.333333333;3.666666667;1.666666667;1.333333333;4.333333333;4;5.333333333;4.333333333;1.4;3;6.666666667;5;6.75;1.666666667;5.666666667;4.666666667;4.333333333;4;6.333333333;1.333333333;1;1;2.666666667
;5p7u6ncy-5;2023-06-25;5p7u6ncy;5;3;9;9;9;2.333333333;5.25;6.333333333;5.5;6.25;1.75;5.333333333;4;5.333333333;4.666666667;4;4.333333333;4.333333333;3.666666667;4.6;4.25;5.333333333;3;4.75;3.666666667;4.333333333;4.5;3.666666667;4.333333333;4.333333333;4.333333333;4.5;4;5
;dxrf7y3e-5;2023-06-25;dxrf7y3e;5;4;9;9;9;2.333333333;2;5.333333333;5.75;5.5;2.75;4.666666667;7;3.333333333;2.333333333;2;5;5;1.666666667;1;3.5;4.666666667;2.7;3.75;2.333333333;3.333333333;3.5;1;2;2;1.666666667;1;1;1.666666667
;450lb03u-5;2023-06-25;450lb03u;5;4;9;9;9;2;2;6;5;7;1;6;7;6;1;1;5.333333333;5;5;5;4;1;1.1;1.5;5;4;2.666666667;1;1;1;3;5;3.666666667;3.666666667
;lckb6r1n-5;2023-06-25;lckb6r1n;5;5;9;9;9;4.333333333;4.25;4.333333333;4.5;3.5;4.75;5;4.333333333;4.333333333;6;5;4.666666667;4.666666667;5;4.4;4.5;4.333333333;4.3;4.25;3.333333333;4.333333333;4.166666667;4;4.333333333;4.333333333;4.333333333;4;4;4
;wxuuhz4k-5;2023-06-26;wxuuhz4k;5;4;9;9;9;2;4.25;2;2.5;2.25;2.5;4;1.666666667;2;3;3.333333333;4;5;4;3.8;2.75;6;3;2;2;5;4.166666667;1;1;2;4;5.5;5;5
;dyfs8gmt-5;2023-06-26;dyfs8gmt;5;5;9;9;9;2;2.75;6;5.5;6.5;1.5;6;6;6;1;1;5.666666667;3.666666667;3;3.4;5.5;1;1;1;6;6;4;1;2.666666667;1;3;3;3;3
;2ze615ki-5;2023-06-26;2ze615ki;5;3;186;186;120;1;2.75;4;4.75;5.75;3.5;5;7;3.333333333;4.333333333;2;5;4;1.333333333;1;2.25;2.666666667;1.5;2;2;3;2.666666667;1;1;1;2;2.5;1.333333333;1.666666667
;425r1bwh-5;2023-06-26;425r1bwh;5;4;9;9;9;5.666666667;5;5;5.75;5.75;1.75;6.333333333;4.666666667;6.333333333;5.333333333;4;6.333333333;5.333333333;4.666666667;5.4;5;5.666666667;5.7;2.25;5.333333333;5.666666667;4.666666667;4.666666667;4.666666667;5;5.666666667;5;5;4.666666667
;68dv6jfc-5;2023-06-26;68dv6jfc;5;6;9;9;9;1.666666667;2.25;4;4;5.75;1.75;6;4.333333333;4.333333333;2;3.333333333;3.666666667;5.666666667;1;1;2;4.333333333;2.8;3.5;1;1;1.5;1.333333333;1;1;1;1;1;2
;ti6i0zmo-5;2023-06-26;ti6i0zmo;5;5;9;9;9;4.333333333;5;5;5;4.25;2.5;5.666666667;4.666666667;5;4.333333333;3.333333333;4.666666667;6;3;2.8;3.5;5;4.9;3.75;4.666666667;4.333333333;4.833333333;3;3.666666667;2;4;4;4;4.666666667
;imz1sz6d-5;2023-06-26;imz1sz6d;5;3;9;9;9;3.666666667;3;3;3.75;6;3.5;3.333333333;3.666666667;3;3.333333333;3.666666667;4.333333333;3.333333333;3.333333333;3;3.25;3;3.6;3.5;3.333333333;3.333333333;3.166666667;3.666666667;2.666666667;3.666666667;3.666666667;3.5;5;2.333333333
;gwiydcrx-5;2023-06-26;gwiydcrx;5;5;9;9;9;1.333333333;1.75;5.333333333;6.25;6.75;2;5.666666667;7;4.666666667;2.333333333;1;7;7;1;1;6.5;5;2.7;2.5;5.666666667;1.666666667;4.666666667;1;1;1;1.333333333;2.5;1.333333333;1.666666667
;o1uyl68o-5;2023-06-26;o1uyl68o;5;6;9;9;9;2.333333333;1.75;5.666666667;4.75;6.75;1;6.666666667;6.666666667;4.666666667;1;1;4.333333333;4.666666667;2;4.4;2.25;4;3.1;3.25;4.666666667;2;3.833333333;1;1.333333333;1;4.333333333;5;4.666666667;4.333333333
;p2dmw02s-5;2023-06-26;p2dmw02s;5;4;9;9;9;1.333333333;2.25;5.666666667;4;6.5;1;6.333333333;7;4.666666667;1;4;4.666666667;4;4;2.8;4.25;4;2.3;3.25;4;5;3.833333333;1;1.333333333;1;4;4.5;4;5
;sw3sous1-5;2023-06-26;sw3sous1;5;6;9;9;9;5;4;5;4;6;2;3;6.666666667;4;2;3;2.666666667;6;1.666666667;1;4.5;6.666666667;4.5;3;4;4;5.833333333;2;5.333333333;4;1;2;2;3.333333333
;ismmvezu-5;2023-06-26;ismmvezu;5;5;9;9;9;3.666666667;2.25;3.333333333;2.75;2.5;5.25;5;5.333333333;5.666666667;4;2.333333333;5;5.666666667;2;2.2;2.5;4;2.7;2.25;2;2;4.166666667;1;1;1;1;1.5;1;5.333333333
;efwegi6z-5;2023-06-27;efwegi6z;5;4;9;7;7;2.333333333;3;6.333333333;5.75;6.5;1.75;5;NA;5.666666667;1;1.333333333;5.333333333;7;3.333333333;2;4.5;5;1.9;2.75;6.333333333;6.333333333;6;1;1.666666667;1;5.666666667;5;3.333333333;2
;bkij1ijo-5;2023-06-27;bkij1ijo;5;4;9;9;9;1;1;4.666666667;5;6.75;1.5;6;6;4.666666667;1.666666667;1.666666667;4.666666667;2.333333333;1.333333333;1.4;1.75;1.666666667;2.2;3;2.333333333;1.666666667;1.833333333;4;2.666666667;2.666666667;2.333333333;2;1.666666667;2.333333333
;eakrjt32-6;2023-06-30;eakrjt32;6;3;9;9;9;3;4.75;5.333333333;5;5.5;2;6;7;5;1;2;3.333333333;6;4.333333333;4.6;4;5;4.1;4.25;5;2.333333333;4.833333333;1;2;2;5;5;5.666666667;4.333333333
;dxrf7y3e-6;2023-07-02;dxrf7y3e;6;4;9;9;9;3.333333333;3.25;5;5.25;5.25;2.75;4.666666667;6.666666667;3.666666667;1.333333333;2.666666667;5;5;2;1;2.75;3;2.5;3.25;2;3;3.666666667;2;2;2;1;1;1;2
;11otr2gh-6;2023-07-02;11otr2gh;6;2;9;9;9;1.666666667;3.25;5.333333333;5.5;6.5;2;6.666666667;6.333333333;6.666666667;1.333333333;1;6.333333333;6;2.333333333;2.2;4.75;4.333333333;1.8;1.75;3;1;4;1;1.333333333;2;4.333333333;2;1;3.666666667
;1hpx6k84-6;2023-07-02;1hpx6k84;6;7;9;9;9;1;1;4;4.75;5.5;1;5;5;5.666666667;1;2;5.333333333;7;1;1;2;4.666666667;1.7;4.5;4.666666667;1;2.833333333;1;1;1;1;1;1;1
;lbazafhl-6;2023-07-02;lbazafhl;6;5;9;9;9;1;3.5;6;4.5;7;1;6;6;6;1;5.333333333;3;4.666666667;2.666666667;3.2;2.5;5.666666667;2.8;1.75;2.333333333;6.333333333;4.666666667;3.333333333;5.666666667;6;3.333333333;4.5;3.666666667;5.333333333
;u4x5lzw2-6;2023-07-02;u4x5lzw2;6;2;9;9;9;2;2.5;4.333333333;2.5;6.25;2;3;5;2;1;1;3.666666667;3;1.666666667;1.2;1;3;2.5;2.5;2;3;2.5;1;3;4;1;1;1;3.333333333
;6g12mrih-6;2023-07-02;6g12mrih;6;6;9;9;9;3;3;7;7;7;1;7;7;6;1;1;5.666666667;5;5;5;5;5;2.2;2;5;1;4;1;1;1;5;5;5;5
;tso8ntq4-6;2023-07-02;tso8ntq4;6;6;9;9;9;3;6;4.333333333;3;5;4.25;6;NA;4;2.333333333;2;3;6;3;5;5;5;5.2;3.5;4;4;5;5;4;5;5;5;6;3
;rf863cqc-6;2023-07-02;rf863cqc;6;2;9;9;9;5.333333333;2.5;5.333333333;5;3.5;2;5;7;6;1.333333333;5.333333333;5;2;1;2.2;3;2;2.1;1.5;4;1.333333333;1.833333333;1;2;5;2;2;1;4
;tmnfi26g-6;2023-07-02;tmnfi26g;6;4;9;9;9;4;5;3.666666667;4.25;4.75;1;5.666666667;6;5;3;4.333333333;3.333333333;5.333333333;2.666666667;5.2;5.25;5.333333333;5.1;2.75;4.333333333;4.666666667;4;4.333333333;4;4.333333333;3.333333333;4.5;3.333333333;3
;judkv65u-6;2023-07-02;judkv65u;6;6;9;9;9;1;1.25;5;5;7;1;5;5;5.666666667;2;1.333333333;5;6;6;6.2;6;2;1.3;1;5;5;4.833333333;2;1.666666667;1;7;7;7;6
;1yqt7phg-6;2023-07-02;1yqt7phg;6;7;9;9;9;1.333333333;6.5;4;4.5;3.25;4;3.666666667;6.333333333;4.333333333;1.333333333;6;2;2.666666667;5.666666667;5.6;3.5;5.666666667;4.6;7;3;5;4;3.333333333;4;4.666666667;5;5.5;5.666666667;4.666666667
;gwiydcrx-6;2023-07-02;gwiydcrx;6;5;9;9;9;3;1.5;6;4.25;6;2;7;7;5.333333333;1.333333333;1;5.666666667;7;1;1.2;5;5.666666667;2.6;2.25;5;1;3.166666667;1;1;1;1;1.5;1;1
;t4kcx7y1-6;2023-07-02;t4kcx7y1;6;3;9;9;9;2.666666667;2.75;3;5.25;6;2.25;3.333333333;6;2.666666667;2.666666667;3;4.666666667;3.666666667;2.666666667;2.8;3.75;3;2.6;2.5;3.333333333;3.333333333;3.5;2.666666667;4.666666667;3.333333333;3;2;3;3.333333333
;nrg5izie-6;2023-07-02;nrg5izie;6;2;9;9;9;2.666666667;3.5;5.666666667;5.25;6.25;1.25;4.666666667;6;5.666666667;1.666666667;2;5.333333333;3;2;2.6;3.75;3.666666667;1.9;3.75;2;3.333333333;3.666666667;2;4.666666667;2.666666667;2.666666667;4;3.333333333;4
;7m7bw33l-6;2023-07-02;7m7bw33l;6;7;9;9;9;7;4;4.666666667;7;5;1;7;7;1;1;1;7;7;2;2.4;5;7;4.2;1.5;5;3.333333333;6.666666667;1;3;3;1;3;3;1.666666667
;wxuuhz4k-6;2023-07-02;wxuuhz4k;6;3;9;9;9;3;3.75;3.666666667;4;4.5;2;5;3.333333333;4;1.333333333;1;4;4.666666667;3;3;2.25;4.333333333;2.7;2.25;3.666666667;2.333333333;4.333333333;1;1;2;4.333333333;5.5;5;4
;j7y9s9mo-6;2023-07-02;j7y9s9mo;6;3;9;9;9;1;6;3.666666667;3.75;6;1.25;4.333333333;7;5;1;3;2;6;2;1.8;3.25;6.333333333;4.2;3.75;1.666666667;6;3.666666667;7;6;7;2;1;2;5.333333333
;efwegi6z-6;2023-07-02;efwegi6z;6;7;9;7;7;1;1.5;6.666666667;5.5;6.75;1.25;5.333333333;NA;5;1;1.666666667;6.333333333;6;5.333333333;2.4;6.25;5.666666667;3.4;2.25;6;2;6;1;1.333333333;1.666666667;3.333333333;5;2.666666667;2
;9324scyl-6;2023-07-02;9324scyl;6;3;9;9;9;5.333333333;3.5;5.666666667;5.5;5.75;1.75;6;6.666666667;4.666666667;2;2;4;6.333333333;1;1.6;1.25;2.666666667;1.8;2.25;4;3.333333333;4;1.333333333;3;4;2.333333333;2;1.333333333;1.666666667
;gy0dk4ej-6;2023-07-02;gy0dk4ej;6;4;9;9;9;4;3.25;4;4.5;6;2.5;6;5;5;2;2;5;6;2.333333333;2;4.5;5;2.2;3.25;4;2;3.166666667;1;2;2;4;5;3;4
;lckb6r1n-6;2023-07-02;lckb6r1n;6;5;9;9;9;4.666666667;4;4;4;4;4;4;4.666666667;4.333333333;5;4.333333333;4;4.333333333;4;4;4;4.666666667;4;1;4;4;4;4;4;4;4.333333333;4;4.333333333;4
;o1uyl68o-6;2023-07-02;o1uyl68o;6;4;9;9;9;2.666666667;2.5;5.666666667;3.5;7;1;6.666666667;7;6.333333333;1;2;4;5.666666667;2.333333333;4;4.5;4.666666667;4.1;3.5;4;4.666666667;4.666666667;4;4;1;4;5;4.333333333;4
;mbgamfzg-6;2023-07-02;mbgamfzg;6;6;9;9;9;5.333333333;2;6;5;4.75;1.25;6;5;6;2;4.333333333;5;6;4.333333333;4.8;6;5;2.2;3;5;2;4.5;2;2;1;2;1;4;3
;110cu3mn-6;2023-07-02;110cu3mn;6;2;9;9;9;1;1;4;2.5;3.25;3.75;6;3.666666667;4;5;1;4;6;1;1;2.5;4;1.4;1.75;2.333333333;2;3.666666667;1;1;1;1;1;1;1
;u84dgoxj-6;2023-07-02;u84dgoxj;6;1;9;9;9;2;3.5;4;3.5;5;1.75;3.333333333;4.333333333;3;1.333333333;1.333333333;5;4.666666667;2.333333333;1.8;3;5.333333333;2.6;2.5;2.666666667;2;3.833333333;1.666666667;2.666666667;2.333333333;2.333333333;3.5;4.666666667;2
;joqn391r-6;2023-07-02;joqn391r;6;4;NA;NA;NA;1.333333333;1.75;5.666666667;5;4;4.75;6;7;6.333333333;3.333333333;3.333333333;3.333333333;3;3;3.4;3.5;1.666666667;3.4;2.75;3.333333333;4;2.5;2.333333333;2.666666667;2.666666667;2.333333333;1.5;1.666666667;2.666666667
;dgw6atpz-6;2023-07-02;dgw6atpz;6;5;9;9;9;1.666666667;2.75;6.333333333;5.5;7;1;6;7;6;1;2;4.666666667;5;2;4.6;3.25;3.333333333;2.4;2.75;3.666666667;2.666666667;3.333333333;1;1;1;4.666666667;5.5;5.333333333;5.333333333
;i44r7zda-6;2023-07-02;i44r7zda;6;1;9;9;9;1;1;5.666666667;5.5;6.75;1;5.333333333;5.666666667;5;1.333333333;1;4.666666667;6;4.666666667;2.2;1.75;3.333333333;1;2.5;3.333333333;1;1.833333333;1;1;1;2.333333333;1.5;1;1
;cmil14pe-6;2023-07-02;cmil14pe;6;1;9;9;9;1;1;7;7;6.75;1;6;7;7;1;1;4;5;1;1;1.25;3.333333333;1;1;1;1;1.166666667;1;1;1;1;5;1;1
;2soy75gc-6;2023-07-02;2soy75gc;6;7;9;9;9;2;1.5;4.666666667;4.25;1;6.75;7;7;6.333333333;4;1;6.666666667;7;5;5;6.75;5;2;2.5;3.666666667;4.666666667;6.333333333;1;2;2;4.333333333;5;5;4.333333333
;pir7k37c-6;2023-07-02;pir7k37c;6;2;9;9;9;1.333333333;1.25;6.666666667;6.25;6.75;1.25;5.666666667;6;5.333333333;1;4.666666667;4;4.666666667;2;1.6;1.75;1.666666667;3;4.25;3;2.666666667;4;2.333333333;3.666666667;2.333333333;1.333333333;2.5;2;3.666666667
;07igutj0-6;2023-07-02;07igutj0;6;6;240;9;9;3.666666667;5.75;6.333333333;7;3.75;2.5;5.666666667;7;5.333333333;1;5.666666667;3;6;6.333333333;2;2;3.666666667;3.5;4.75;4.666666667;4.333333333;4.666666667;6.333333333;3.666666667;4.666666667;4.666666667;5.5;5.666666667;5.666666667
;vprnb3ff-6;2023-07-02;vprnb3ff;6;4;9;9;9;3;4;4.666666667;4.5;6;2.25;7;4;6;1;1;5;5.333333333;5;2;3.25;6;2.2;3.25;2;1.666666667;5.333333333;1;3;1.333333333;1.333333333;1;1;5
;imz1sz6d-6;2023-07-02;imz1sz6d;6;2;9;9;9;4;3.5;4.333333333;5.5;4.25;3.25;4.666666667;6.333333333;4;4.666666667;2.333333333;3.333333333;3.333333333;4.333333333;4.6;4.25;3.666666667;4.9;5.5;2.666666667;5;3.333333333;5.333333333;4;5.333333333;3.666666667;5;4;4
;i3c09wbe-6;2023-07-02;i3c09wbe;6;5;9;9;9;4.333333333;5.25;4;3.5;3;4.5;5.666666667;6.333333333;3.666666667;3.666666667;2;4;6;3.666666667;2;5.25;6;3.9;3;4;5;4.166666667;1.333333333;4.333333333;3;3.666666667;2;2;3
;2ze615ki-6;2023-07-02;2ze615ki;6;1;180;180;120;1;3;5.333333333;5;6.75;2.25;4.666666667;7;4.666666667;1.666666667;1.333333333;5;4.333333333;1.666666667;1.2;2.5;2.333333333;1.5;2.5;2;1;2.666666667;1;1;1;1.333333333;1.5;1;1
;qq52peh8-6;2023-07-02;qq52peh8;6;3;9;9;9;2;1;2;2.5;1.75;3.5;6.333333333;7;2;2.333333333;1;5;3;2.666666667;2.2;7;1.333333333;1.4;1.75;3.666666667;1;2.666666667;1;1;1;2;2.5;3;1
;vid09aia-6;2023-07-02;vid09aia;6;2;9;9;9;2;2;6;5.75;5.5;2.5;6;5.666666667;6;2;3.333333333;4.333333333;3.666666667;5;5;4.75;5;1.8;1.75;4;3.666666667;4;1.666666667;3;2;5.666666667;3.5;3.666666667;5
;mu12rky-6;2023-07-02;mu12rky;6;3;9;9;9;1;2;6.666666667;6.5;6.25;1;6.333333333;7;7;1;1.333333333;4;5.333333333;1;1;2.25;1.666666667;1.3;2.5;2.333333333;2;1.333333333;1;1;1.666666667;1;1;1;1
;ki38tijo-6;2023-07-02;ki38tijo;6;2;350;100;70;3;1;6;5.5;6;2;5;5.333333333;5.333333333;2;2;5.333333333;4;4;4;3;2;2.4;3;4;2;2.333333333;2;2;2;4;4;3.666666667;3.666666667
;5p7u6ncy-6;2023-07-02;5p7u6ncy;6;5;9;9;9;1.333333333;5;4.666666667;4.5;5.75;2.75;6.333333333;6;6;2.333333333;2.666666667;4.333333333;6.666666667;3.333333333;2.6;4.5;5;2.9;3.25;4.333333333;5;4.833333333;1;2.333333333;1;4.333333333;4;4.333333333;4
;b2397n83-6;2023-07-02;b2397n83;6;3;9;9;9;2.333333333;2.5;3.666666667;5;1;6.75;6.666666667;5.666666667;6;2.333333333;1;4.666666667;6;1;1;2.25;4.666666667;1.5;2;1;4;2;1;1;2.333333333;1;3;1;3
;tttjh8g5-6;2023-07-02;tttjh8g5;6;2;9;9;9;2;2;4.333333333;4.5;4.75;2;6;6;4.333333333;2.333333333;2;4;7;1.666666667;1;4.75;4.666666667;2.1;2.25;2.666666667;2;3.5;1;1;1;1;1;1;3
;dyfs8gmt-6;2023-07-02;dyfs8gmt;6;6;9;9;9;1;1;6;5.5;6.5;1.5;6;6;6;1;1;5;1;1;1;5.25;1;1;1;5;5;1.833333333;1;5.333333333;1;1;2;2;2.333333333
;425r1bwh-6;2023-07-02;425r1bwh;6;4;9;9;9;5.666666667;5.25;5.333333333;7;6.75;1.75;5;5.333333333;5;4.333333333;4.333333333;6.333333333;5.333333333;4.666666667;4.6;4.5;4.666666667;4.2;2;4.666666667;4.333333333;4.833333333;4.333333333;5;4.666666667;4;5;4;4.666666667
;89ol0evo-6;2023-07-02;89ol0evo;6;4;9;9;9;1.666666667;1.5;5.333333333;6.25;6.25;2;5.666666667;7;7;2.333333333;2;4;5;4;2.2;4;4;2.3;3.25;3;2.666666667;3.833333333;1.333333333;3.666666667;1.333333333;1.333333333;1.5;1;1.333333333
;ngoqu5fr-6;2023-07-02;ngoqu5fr;6;1;9;9;9;1;2;6.333333333;7;6;2;7;7;5;2.333333333;1;5;7;1.666666667;1.4;4;5.666666667;2.3;2.75;1;3;3;1;2.333333333;1;1;1.5;1;5
;p0b68lt2-6;2023-07-02;p0b68lt2;6;4;9;9;9;2.333333333;2.5;5.333333333;5;5.75;3.25;7;7;7;2.666666667;1;4.666666667;7;1;2.4;6.25;5.333333333;1.7;2;2;1;3.666666667;1;1;1;1;4;3.666666667;4.333333333
;oagsgy8g-6;2023-07-02;oagsgy8g;6;4;9;9;9;5;6.25;4.666666667;5;3;5;7;5.666666667;5;2;3.333333333;5;6.333333333;2.666666667;5;5;6.333333333;5.8;5;5.333333333;5.333333333;5.833333333;5.333333333;5.666666667;6;6;4.5;5;5.666666667
;czen5l0x-6;2023-07-02;czen5l0x;6;2;9;9;9;4;6.25;1;1.5;1.5;7;2;1.333333333;1;2.666666667;2;2.666666667;5;5.333333333;3;2.75;4;5.8;7;2.333333333;3;4.333333333;4;4;6.666666667;2;2.5;1.333333333;3
;ismmvezu-6;2023-07-02;ismmvezu;6;5;9;9;9;2;2.75;3.666666667;5;3;3;5;5.666666667;4.666666667;2;2;5;5;1.666666667;1;4.5;4;2.4;3.25;3;3;4.666666667;1;2;1;2;2;2;5.333333333
;450lb03u-6;2023-07-02;450lb03u;6;6;9;9;9;1.333333333;1.75;6.666666667;5.75;7;1;6.333333333;7;6.333333333;1;1.666666667;5;5.666666667;3;3;4;1.666666667;1.1;1.5;4.333333333;1.666666667;2.666666667;1;1;1;3;4;4;3
;ti6i0zmo-6;2023-07-03;ti6i0zmo;6;2;9;9;9;2;2.5;5.333333333;6.75;5.75;1.5;6;5.333333333;4;1;2;4;4;2.666666667;2.8;4;2.666666667;2.3;2.5;4;4;3;1;4;2;2;3.5;2.333333333;4
;e8xu16am-6;2023-07-03;e8xu16am;6;3;9;9;9;1;2.75;4.666666667;6.25;3.75;6;4;5.333333333;5;2.333333333;1;4.333333333;4;1;1;2.25;3;2.6;4;2;1;1.833333333;1;1;1;1;1;1;4.333333333
;lzfx0oul-6;2023-07-03;lzfx0oul;6;4;9;9;9;1.333333333;1.5;4.666666667;6.25;6.5;1.5;7;7;5.333333333;1;1;3.333333333;4;2;1.6;5.25;3.333333333;1;1.25;3;1;1.666666667;1;1;1;2;2;1;2.333333333
;sw3sous1-6;2023-07-04;sw3sous1;6;6;9;9;9;5;5.5;3;2;2;5.75;4.333333333;4.666666667;2;5;2;2;6;4.666666667;2;5;6;3.7;3;4.333333333;4.333333333;5;2.333333333;5;3;2;2;2;2.666666667
;zyjosap9-6;2023-07-04;zyjosap9;6;5;9;9;9;4.333333333;5;3;5;3;4.25;5;7;3;1.666666667;2;3;5;3;3.4;3.5;5;2.5;1.25;3;5;4.333333333;1;5;5;3;3;3;2.666666667
;r3f01tls-6;2023-07-04;r3f01tls;6;1;9;9;9;1.666666667;2.5;5.333333333;5.5;3;4.5;6;5.666666667;5.666666667;2.333333333;1.333333333;4;5;1;1;3.75;3.666666667;1.9;2.25;1;5;1.5;1;2.666666667;1;1;1;1;2.333333333
;68dv6jfc-0;2023-07-05;68dv6jfc;0;5;9;9;9;1.666666667;1.75;5.333333333;4.25;5.5;2;6;5;4.666666667;2;2;4.666666667;5;4.333333333;2;3.25;2.333333333;2;3;1;1;1.833333333;2;2;1;2.333333333;6;1;1.333333333
;bkij1ijo-0;2023-07-05;bkij1ijo;0;3;9;9;9;1.666666667;2.75;5.333333333;4.25;5.75;1.25;5.333333333;5.333333333;4.333333333;1.333333333;1.666666667;5.666666667;1.333333333;2.333333333;1.6;2.25;1.333333333;2.3;2.5;1.666666667;2.333333333;1.833333333;1.666666667;1.333333333;1.666666667;1.666666667;1;1.666666667;1.666666667
;judkv65u-7;2023-07-08;judkv65u;7;4;9;9;9;2.333333333;2.25;4.333333333;4;6.75;1;5;5;3.333333333;1;1;3.666666667;5;5;4;3;4.333333333;1.4;1.25;3;1;2;1;2;1;5;5;5;4
;9324scyl-7;2023-07-09;9324scyl;7;4;9;9;9;3.666666667;5;5;5.25;6.25;1.5;5;6.666666667;5.666666667;1.333333333;1.666666667;5;6.333333333;1.333333333;1.2;3.5;4;3;4.25;5;2.333333333;4.833333333;1.333333333;3.666666667;1;1;2;1;2
;1hpx6k84-7;2023-07-09;1hpx6k84;7;6;9;9;9;1;1;6;5.25;4.75;2.5;6;6.666666667;6.666666667;1;1.666666667;5.333333333;7;1;1.8;4.75;3;1.7;3.75;1.333333333;1;3.5;1;1;1;1;1;1;1.333333333
;1yqt7phg-7;2023-07-09;1yqt7phg;7;7;9;9;9;2;3.75;4.666666667;4.25;3;4;4.333333333;6.666666667;7;4.666666667;4.666666667;3.333333333;3;5.333333333;6;5.75;5.666666667;5.1;5.5;4.666666667;4;4.666666667;4;3.333333333;4.666666667;3;3;3.333333333;4
;eakrjt32-7;2023-07-09;eakrjt32;7;2;9;9;9;3.666666667;3.75;5;5;6;2.5;6.666666667;6;5;2;3;5.666666667;3;3.333333333;3;3.75;5;3.1;3.75;3.666666667;3.333333333;4.333333333;1.333333333;2;1;3;5;2.666666667;5
;raw3wl0t-7;2023-07-09;raw3wl0t;7;5;9;9;9;2.666666667;5.25;6.333333333;5;5.5;3;6;7;7;2;1;5;6;3.666666667;5.6;4;2;1.6;1.25;5;1;3;1;1;4;4.333333333;4;2.666666667;5.666666667
;fdd0do5g-7;2023-07-09;fdd0do5g;7;6;386;210;200;5;4.25;7;7;7;1;6.333333333;7;6;1;1;6;7;3;3;5.75;6;2.6;2.75;5.333333333;1.333333333;6;1;1;1;2;5;4.666666667;6
;tmnfi26g-7;2023-07-09;tmnfi26g;7;5;9;9;9;5;5.25;4.666666667;3.75;3.75;1.75;5.666666667;5.666666667;4.666666667;2.666666667;3.333333333;4;4.666666667;4.666666667;4.4;4.5;4.333333333;5.4;3;4.666666667;3.333333333;3.666666667;3.333333333;4;4.666666667;4.666666667;4;4.666666667;4.333333333
;yzbrjqqu-7;2023-07-09;yzbrjqqu;7;3;237;9;9;5;4.5;3.666666667;7;7;1.5;6.333333333;5.666666667;7;1.333333333;2.333333333;5.666666667;4.333333333;3;4.4;4;1.666666667;2;2;3;2;3.166666667;2.666666667;2.666666667;2.666666667;3;4;3;3
;lh9rzirm-7;2023-07-09;lh9rzirm;7;4;9;9;9;4.333333333;2.75;6.333333333;6.25;7;1;4;7;5.666666667;1;1;4;4;2;1.8;4;5;1;3.5;4;1;5;1;1;1;4;1;1;5
;lbazafhl-7;2023-07-09;lbazafhl;7;4;9;9;9;1;1.5;6;4.5;7;1;6;6;6;1;2.333333333;5;6;2;2.2;2.5;3.666666667;1;1;4;2.666666667;3.333333333;1;1;1;2;3;2;5
;dyfs8gmt-7;2023-07-09;dyfs8gmt;7;6;9;9;9;1;1;5.333333333;5.5;5.25;2;6;6;5.666666667;1;1.666666667;5.666666667;3.666666667;2.333333333;2;4.75;1;1;1;5;1;2.333333333;1;5.666666667;1;2.666666667;2;2;2.666666667
;0twxijztu-7;2023-07-09;0twxijztu;7;4;240;239;9;1;1.5;3.333333333;3.75;6.5;1;5;NA;3;1;1;3.333333333;4;1;1;2.5;4.333333333;1.8;1.75;1;4;2;1;4;1;1;1;1;1.666666667
;u84dgoxj-7;2023-07-09;u84dgoxj;7;2;9;9;9;3.333333333;2.5;4.666666667;4.75;6.5;2.25;5.333333333;6;3.333333333;1;1.666666667;4.666666667;5.333333333;3.333333333;2.6;3.25;6;2.5;2.25;2;2.666666667;3.5;1.666666667;2;2.666666667;2.333333333;4.5;4.333333333;3
;nrg5izie-7;2023-07-09;nrg5izie;7;5;9;9;9;1.666666667;3.25;5;5.75;5.75;1.25;5.666666667;5;5.666666667;1.333333333;2.333333333;5;4;2.666666667;3.6;5.5;3.333333333;2.4;4.5;3.333333333;2.666666667;3.166666667;2.666666667;2.666666667;2;1.333333333;3;1;5
;68dv6jfc-7;2023-07-09;68dv6jfc;7;5;9;9;9;1.666666667;1.5;6.333333333;4.75;6.75;1.25;7;6;5.666666667;1.666666667;2.333333333;4.333333333;5.666666667;1;1;2;2.666666667;1.7;2;1;1;1.333333333;1.333333333;1;1;1;1;1;1
;imz1sz6d-7;2023-07-09;imz1sz6d;7;6;9;9;9;4;4;3.333333333;5.5;3.75;4.25;3.666666667;4.333333333;4.666666667;3.666666667;4;3.666666667;4;3.333333333;4;3.25;3;3.6;3.25;3.666666667;4.333333333;3.833333333;3.666666667;4.333333333;4;4.333333333;3.5;4.333333333;4
;o1uyl68o-7;2023-07-09;o1uyl68o;7;5;9;9;9;2;4.25;5;4.5;7;1;6.666666667;7;4;1;1;5;5.666666667;3.666666667;4.2;4;5.666666667;5.4;3;4;3;5.833333333;1;1;1;3.666666667;3.5;5;4.666666667
;r3f01tls-7;2023-07-09;r3f01tls;7;1;9;9;9;1.666666667;2.75;4.666666667;5.5;2.25;4.75;5.333333333;5.333333333;4.666666667;2.666666667;1.333333333;4;5;1;1;4;3.333333333;2;2;2;4.666666667;2.166666667;1;1.666666667;1;1;1;1;1.333333333
;p0b68lt2-7;2023-07-09;p0b68lt2;7;5;9;9;9;1.333333333;2.25;5;3.25;5.25;2.5;7;7;5;1;1;4.333333333;6;2;1.4;6.25;5.333333333;1.7;2;2;1;3;1;1;1;1.666666667;5;4.333333333;3
;o7igutj0-7;2023-07-09;o7igutj0;7;1;9;9;9;1;1.75;7;5.5;7;1.5;7;7;6.666666667;1.333333333;3;6.666666667;5.666666667;6;5.6;5.75;1.333333333;1.1;2;3;2.333333333;2.666666667;3.333333333;1;1.333333333;2.333333333;7;6.333333333;5.666666667
;dxrf7y3e-7;2023-07-09;dxrf7y3e;7;5;9;9;9;4;3.5;5.333333333;5.25;4.75;2.75;5.333333333;7;3.333333333;2;3;5;6;1;1;3.5;4.333333333;2.6;2.25;2;3;4.5;2;2;2;1;1;1;1.666666667
;wxuuhz4k-7;2023-07-09;wxuuhz4k;7;3;9;9;9;2.333333333;2;3;3;3.5;2.5;4;3.333333333;4;1;3;4;4;2.666666667;2;2.5;4.333333333;2.7;2;3;2;4.166666667;1;1;3;4;5;4.333333333;3.333333333
;2ze615ki-7;2023-07-09;2ze615ki;7;3;140;140;120;1;2.5;5.333333333;4.75;6.75;2.5;5.333333333;6.333333333;5;1.666666667;1.666666667;5;4.666666667;2.333333333;1.8;3;2;1.3;1.5;3;1;2.833333333;1;1;1;1.666666667;1.5;1.333333333;1.666666667
;3o2b1j47-7;2023-07-09;3o2b1j47;7;4;9;9;9;1.333333333;1.25;7;7;6;2;5;7;7;2;2.666666667;6;6.666666667;2.666666667;2.4;5.25;3;1.1;1.25;4.333333333;2;4.5;1;1;1;3;2;2.333333333;1.333333333
;zyjosap9-7;2023-07-09;zyjosap9;7;1;9;9;9;5;5;3;5;3;4.25;5;5;5;1;1;3;4;4;4;5;5;2.2;1;3;3;5;1;5;5;4;4;4.333333333;3.333333333
;mbgamfzg-7;2023-07-09;mbgamfzg;7;4;9;9;9;1.333333333;2;5;5;6;1.75;6;6;3;1;1;4;5;4;4;5;2;1.9;3.5;3;1;2;1;1;1;5;5;6;6
;tso8ntq4-7;2023-07-09;tso8ntq4;7;6;9;9;9;4;6;3.333333333;3;3;4;5;NA;3;5;5;3;7;6;6;5;6.333333333;5.2;4;4;4;6;5;5;5;7;7;7;5.666666667
;2xseqlre-7;2023-07-09;2xseqlre;7;4;9;9;9;3;3;3;7;6;2;2.666666667;3;4;4;4;4;3;3;3;3;3.333333333;2;2.25;4;4;4;4;4.333333333;3;4;4;4;4
;vid09aia-7;2023-07-09;vid09aia;7;4;9;9;9;2;2;6;6;5.5;2;5;6;6;2.666666667;4.333333333;4;3;3;3.8;5;4.333333333;2.2;2;2.666666667;3;3;3;2.333333333;1.666666667;4;6;5;3
;we5lbwub-7;2023-07-09;we5lbwub;7;3;9;9;9;1.666666667;4.5;7;7;7;1;7;NA;7;1;1;4;6.666666667;1.333333333;1;3;5.666666667;1.5;2.75;1;2;3.5;1;1;1;1;2;1.666666667;1
;7m7bw33l-7;2023-07-09;7m7bw33l;7;7;9;9;9;5.666666667;3.5;4.333333333;5;5.75;1;7;7;3;1;1;7;6.333333333;1;1;7;7;4.5;1.5;4;4;7;1;3;3.666666667;3;3;3;1.666666667
;t4kcx7y1-7;2023-07-09;t4kcx7y1;7;4;9;9;9;3;4.25;5;4.25;5;2.75;5.333333333;5;6;2.666666667;3.666666667;3.333333333;4.666666667;1;3;4;3;1.7;1.75;3.666666667;3;3.333333333;1;1;1;3;2;3;2.666666667
;11otr2gh-7;2023-07-09;11otr2gh;7;4;9;9;9;1.333333333;2;6;5.75;6.5;2;6.333333333;6;6.333333333;1;1;6.333333333;6;3.333333333;2.6;5.25;5;1.6;2;2.666666667;1;5.166666667;1;2.666666667;1;3;2;1;3.333333333
;efwegi6z-7;2023-07-09;efwegi6z;7;6;9;8;8;1;1;6.666666667;7;7;1;6;NA;6;1;2;6.666666667;6.666666667;6.333333333;5.2;5.5;2.666666667;1.8;1.5;5.333333333;3;4.166666667;1;1;1;5.666666667;5;4;1.666666667
;110cu3mn-7;2023-07-09;110cu3mn;7;1;9;9;9;1;1.25;3.333333333;2.5;4;3.25;6;4;4;2;1;4;6;1;1;1.75;4.333333333;1.1;2;1;1;1;1;1;1;1;1;1;1
;eeyl9b5uc-7;2023-07-09;eeyl9b5uc;7;3;630;623;450;1;2.75;5.333333333;2;1;7;1.666666667;NA;5;7;3;4;3.666666667;3.666666667;2.4;5.75;2.666666667;1.7;2.5;4;2;1.333333333;1;1;1;3.333333333;4.5;3;3.333333333
;lzfx0oul-7;2023-07-09;lzfx0oul;7;4;9;9;9;1;1;6;5.5;6.5;3;3.333333333;NA;6.333333333;1.333333333;1;6;6;4.333333333;4.4;7;1;1;3.25;1.333333333;1;4;1;1;2.333333333;4.666666667;7;7;5
;joqn391r-7;2023-07-09;joqn391r;7;3;NA;NA;NA;1;2.25;5.666666667;5.5;4.25;4.5;7;7;3.666666667;2;3;4.333333333;3.333333333;3;3.2;3.5;3.333333333;2.6;2.75;3.666666667;3.333333333;3.166666667;1.666666667;2.666666667;3.333333333;2.333333333;2;2;2.333333333
;dgw6atpz-7;2023-07-09;dgw6atpz;7;6;9;9;9;2;2;5.333333333;5.5;7;1;7;7;6;1;1;6.333333333;6;4.333333333;6;6;4.333333333;1.2;4.75;5;6;5.5;1;1;1;4.333333333;5;5;5.333333333
;2soy75gc-7;2023-07-09;2soy75gc;7;5;9;9;9;4;4.75;6;5.75;3;6;7;7;6.333333333;5.333333333;1;6;7;6;6;6;4.666666667;2.7;1;6;1;5.333333333;1;2;1;6;6;6;6
;b2397n83-7;2023-07-09;b2397n83;7;2;9;9;9;2;1.75;6.666666667;5.5;6.5;1;6;7;5;1;1;4.666666667;5.666666667;1.333333333;1;3.75;2.666666667;1.2;1.5;1;1;2.5;1;1;1;1;6;1;3
;6g12mrih-7;2023-07-09;6g12mrih;7;5;9;9;9;4;5;5.333333333;5;6;2;7;7;5;2;1;5.666666667;6;5;5;5;5;2;2;5;5;6;1;1;1;4.333333333;5;5.333333333;5
;qq52peh8-7;2023-07-09;qq52peh8;7;4;9;9;9;1;1;5.666666667;5.5;5.75;1.75;6.666666667;7;6;2;1;6.333333333;4.666666667;2.333333333;1.6;7;2;1.5;1.5;1.666666667;1.666666667;3.166666667;1;1;1;1.666666667;1;2.666666667;1
;cmil14pe-7;2023-07-09;cmil14pe;7;2;9;9;9;1;1;7;7;7;1.25;5.333333333;7;7;1.333333333;1;4.333333333;5.333333333;1.333333333;1;1.5;5;1.1;2;1.333333333;1;1.666666667;1;1;1;1.333333333;5;2;1
;gy0dk4ej-7;2023-07-09;gy0dk4ej;7;5;9;9;9;4;4;3.666666667;4;4.5;2.25;5.666666667;6;5.333333333;1;2;5;5;2;2;4;5;3;2.75;4;2;3.833333333;2;3;4;3;5;4;2
;mu12rky-7;2023-07-09;mu12rky;7;3;9;9;9;1;1;6.666666667;7;7;1;5.333333333;7;6.666666667;1;1.666666667;4;5.333333333;1;1;5.75;1;1;1;2.333333333;1;1;1;1;1;1;1;1;1
;ti6i0zmo-7;2023-07-09;ti6i0zmo;7;3;9;9;9;4;4.5;3.333333333;2.25;2.5;4.75;4.666666667;5.333333333;3.333333333;3;2.666666667;4;4;2;2.2;4;5;5.1;3.25;1;2.333333333;3.5;3.333333333;3.666666667;4;2;2;2;3.333333333
;od2gt8fw-7;2023-07-09;od2gt8fw;7;4;9;9;9;1;1.75;6;5.75;6.5;1.5;5.333333333;6.666666667;5;1.666666667;2;3.666666667;4.333333333;1;1;2.25;2;1.4;1;2.333333333;2;1.833333333;1.666666667;2;2.333333333;2.333333333;1;1;1
;gwiydcrx-7;2023-07-09;gwiydcrx;7;7;9;9;9;1.666666667;2.5;7;6.5;5.5;1.5;6.666666667;7;6.333333333;1.333333333;1;6.666666667;7;1;1;4.75;6;2.3;2;4;1.666666667;3.5;1;1;1;1.333333333;1.5;1;1.333333333
;vprnb3ff-7;2023-07-09;vprnb3ff;7;6;9;9;9;5.666666667;4.75;3.666666667;4;5;2.75;6.333333333;4.333333333;4.333333333;3;2.333333333;3;7;5;4.2;4;4.666666667;4.3;3.25;3;3.666666667;5.833333333;1;3.666666667;2;4;3.5;4;5.666666667
;pir7k37c-7;2023-07-09;pir7k37c;7;1;9;9;9;1.333333333;1.75;6.666666667;7;6.25;1;7;4;2.333333333;1.666666667;1.333333333;5.333333333;5.333333333;1;1.4;4;4.333333333;1.2;1.5;2.333333333;1;5;2.333333333;3;3.333333333;1;1;1.333333333;2.333333333
;lckb6r1n-7;2023-07-09;lckb6r1n;7;5;9;9;9;3.666666667;3.75;3.666666667;3.75;4.25;3.75;4.666666667;4.333333333;5;5.666666667;4;4;4.333333333;4.666666667;4.2;4.5;4.333333333;1.1;1;1.666666667;3.666666667;3;3.666666667;3.333333333;3.666666667;3;3.5;3.333333333;3.666666667
;oagsgy8g-7;2023-07-09;oagsgy8g;7;3;9;9;9;5;5;2.666666667;2.75;1.25;6.25;4;1;2.333333333;1.666666667;2;3.666666667;4.333333333;5.333333333;5.2;5.5;4.666666667;5.5;5.25;4.333333333;4;5;1;4;5.666666667;5.333333333;5.5;5;5.666666667
;450lb03u-7;2023-07-09;450lb03u;7;5;9;9;9;2;1.5;6.666666667;6.5;7;1;7;7;6.666666667;1;1;6;5;1.333333333;4;5;1;1.4;1.5;4;1;3;1;1.666666667;1;3;6;2;4.666666667
;ismmvezu-7;2023-07-10;ismmvezu;7;3;9;9;9;3.333333333;2.75;3.333333333;3.75;3.25;4.5;3;5.666666667;4.666666667;2;1;5;5;2;2.2;3.5;4;2.2;2.25;2;2;3.5;1;1;1;1;1;1;4.666666667
;ki38tijo-7;2023-07-10;ki38tijo;7;5;350;330;330;3;4;5;5;5;3;5;5;4;3;3;5;5;4.666666667;4;3;3.666666667;3.5;4.25;4.333333333;5;4.666666667;3;3;3;4;5;4.333333333;5.333333333
;5p7u6ncy-7;2023-07-10;5p7u6ncy;7;5;9;9;9;3;5;5;3;4;4;4.333333333;5;4.666666667;3;3;5;5;5;4;3;4;3.9;4.5;5;3;4.666666667;2;4;3;4;5;4.666666667;4.333333333
;jzfcigxy-7;2023-07-10;jzfcigxy;7;1;148;148;9;1;1;6;7;7;1;7;NA;7;1;1;7;7;7;7;7;1.333333333;1;1;7;1;5;1;1;1;7;6.5;7;7
;425r1bwh-7;2023-07-10;425r1bwh;7;6;9;9;9;5.333333333;5.25;6.333333333;6.75;6.75;1;6;5.333333333;6;1;6;7;5.333333333;5.333333333;5.8;5.5;5.666666667;5.4;1.75;5.333333333;4.333333333;5.5;2.333333333;1.666666667;1.666666667;5.333333333;5.5;4.333333333;5.333333333
;p2dmw02s-7;2023-07-10;p2dmw02s;7;5;9;9;9;1.666666667;2.5;6;6;6.5;1;6;6;4.333333333;1.333333333;1.333333333;5;4.333333333;4;3;5;2.666666667;3;3;2.333333333;1;2.5;2;2;2;3.333333333;4;3.666666667;5
;rf863cqc-7;2023-07-10;rf863cqc;7;3;9;9;9;3;3.5;5.666666667;5.5;5;2;6.333333333;6.666666667;5.666666667;1;1;3.666666667;5;1;1;2.25;3.666666667;2;1;2.666666667;1;2;1;2;1;1;1;1;1.666666667
;bkij1ijo-7;2023-07-10;bkij1ijo;7;2;9;9;9;1.333333333;1.75;4.333333333;4.5;6.25;1.5;4;3.666666667;3.666666667;1.333333333;1.666666667;5.666666667;1.666666667;1.666666667;1.6;1.5;1.666666667;1.6;1.5;5;3.333333333;1.666666667;3.666666667;2.333333333;2.666666667;3.333333333;1;1.333333333;1.666666667
;tttjh8g5-7;2023-07-10;tttjh8g5;7;2;9;9;9;2.666666667;1.75;4.333333333;3;5.25;3.25;6;5.666666667;4.333333333;3;2.333333333;5;6;1;1;3.75;4.333333333;2.2;2.25;2;2;3;1;1;1;1;1.5;1;3.333333333
;i44r7zda-7;2023-07-11;i44r7zda;7;1;9;9;9;1.666666667;1;5.333333333;5;6;1;5.333333333;6.666666667;5.666666667;1;1;6;4;4;4;4;2.666666667;1.1;2.75;5;4.333333333;2.166666667;1.333333333;1;1.333333333;2.333333333;2;2;2
;u4x5lzw2-7;2023-07-11;u4x5lzw2;7;3;9;9;9;4;3.25;3.666666667;3;6;2.75;2;5;2;2.666666667;2.333333333;3;4;3;1.6;1;3.666666667;4.4;3.25;1;1;2;1.666666667;3.666666667;3;1;1;1;2
;sw3sous1-7;2023-07-11;sw3sous1;7;4;9;9;9;2;2;6;6;6.5;1.75;6;6.666666667;4.333333333;1.333333333;2.666666667;6;4;3;2.2;5;3;1.8;2.75;5;4.666666667;4.666666667;1;3.666666667;1;1;1;1;2.333333333
;i3c09wbe-7;2023-07-11;i3c09wbe;7;4;9;9;9;3.666666667;3;5;5.25;3.75;4.5;6;7;4.333333333;3.666666667;2;4.333333333;6;5;5.2;5;5.666666667;3.7;2.5;4.333333333;4.333333333;3.5;1;4;5;5.666666667;6.5;4.666666667;4.666666667
