primarykey;date;ID;WS_week;WS01_01;WS01_02;WS01_03;WS02_01;WS02_02;WS02_03;WS02_04;WS03_01;WS03_02;WS03_03;WS04_01;WS04_02;WS04_03;WS04_04;WS05_01;WS05_02;WS05_03;WS05_04;WS06_01;WS06_02;WS06_03;WS06_04;WS07_01;WS07_02;WS07_03;WS08_01;WS08_02;WS08_03;WS09_01;WS09_02;WS09_03;WS10_01;WS10_02;WS10_03;WS11_01;WS11_02;WS11_03;WS12_01;WS13_01;WS13_02;WS13_03;WS14_01;WS14_02;WS14_03;WS15_01;WS15_02;WS15_03;WS33_01;WS33_02;WS33_03;WS33_04;WS33_05;WS16_01;WS16_02;WS16_03;WS16_04;WS17_01;WS17_02;WS17_03;WS18_01;WS18_02;WS18_03;WS18_04;WS18_05;WS18_06;WS18_07;WS18_08;WS18_09;WS18_10;WS19_01;WS19_02;WS19_03;WS19_04;WS20_01;WS20_02;WS20_03;WS21_01;WS21_02;WS21_03;WS22_01;WS22_02;WS22_03;WS22_04;WS22_05;WS22_06;WS23_01;WS23_02;WS23_03;WS24_01;WS24_02;WS24_03;WS25_01;WS25_02;WS25_03;WS26_01;WS26_02;WS26_03;WS27_01;WS27_02;WS28_01;WS28_02;WS28_03;WS29_01;WS29_02;WS29_03;WS31_01;WS30_01;WS32_01
ij05gand-2023-08-20;2023-08-20;ij05gand;7;1;2;2;3;1;2;1;6;6;6;7;7;7;7;6;6;7;7;1;1;1;2;5;5;5;;;;7;7;7;1;1;1;1;1;1;4;6;7;6;5;6;7;4;3;3;4;3;2;3;4;7;7;7;7;2;2;5;1;1;1;1;1;1;1;1;1;1;1;1;1;1;7;4;7;1;1;1;2;3;7;7;4;4;1;1;1;1;1;1;1;1;1;5;5;5;7;7;7;6;5;6;7;7;358;92;100
eilowvto-2023-08-20;2023-08-20;eilowvto;7;2;2;1;5;6;5;7;6;5;6;6;7;5;4;3;5;6;4;1;1;1;1;5;6;6;;;;3;3;4;1;1;1;3;2;2;2;6;5;6;5;6;6;6;6;1;6;2;2;3;2;6;7;6;5;3;2;3;2;2;1;1;3;2;2;5;6;1;3;1;3;1;3;3;4;2;2;2;6;5;4;4;5;5;1;1;1;2;1;1;2;1;1;6;5;5;6;5;5;6;5;2;1;2;165;275;9
jl5uoe0b-2023-08-20;2023-08-20;jl5uoe0b;7;1;1;1;1;1;1;1;5;5;5;5;5;5;4;7;7;5;5;1;1;1;3;5;5;5;5;5;5;5;5;5;1;1;1;1;1;1;3;5;5;5;2;2;2;2;2;2;2;2;2;2;2;5;5;5;5;1;1;1;1;1;1;1;1;1;1;1;1;1;1;1;1;1;5;5;5;5;5;5;2;2;2;2;2;2;1;1;1;5;5;5;1;1;1;2;2;2;3;3;3;2;2;2;2;2;180;140;160
232utdp4-2023-08-20;2023-08-20;232utdp4;7;1;3;1;6;2;3;1;6;6;6;6;3;4;2;7;7;7;7;1;1;1;1;4;4;4;7;7;7;4;4;4;1;1;1;2;2;1;5;3;3;3;6;6;6;2;1;1;2;2;2;1;1;3;2;4;1;4;5;3;5;5;2;2;2;2;5;1;5;2;1;1;2;1;1;1;1;4;4;4;2;2;1;2;1;1;1;1;1;4;4;4;3;3;3;1;1;1;2;2;1;1;1;1;3;2;130;119;9
23u1pmku-2023-08-20;2023-08-20;23u1pmku;7;2;5;3;6;3;3;2;2;1;2;2;3;1;1;2;3;1;1;1;7;2;7;4;3;3;;;;2;2;2;4;1;1;1;1;1;1;4;3;3;7;7;7;1;1;1;1;1;1;1;1;1;1;1;1;6;5;6;1;4;1;4;3;2;4;4;4;1;1;1;3;3;1;1;1;2;2;2;3;3;3;2;2;2;1;1;1;2;2;2;3;3;3;1;1;1;2;1;1;1;1;4;3;1;195;108;9
cwj6kbki-2023-08-20;2023-08-20;cwj6kbki;7;1;1;1;1;2;1;2;6;6;7;6;7;7;6;6;7;7;7;1;1;1;2;5;6;5;6;6;6;7;7;6;1;1;1;2;2;1;1;4;4;3;1;1;1;6;6;6;6;6;6;6;6;4;4;4;5;1;2;1;1;1;1;2;1;2;1;1;1;1;1;2;1;1;3;3;3;1;1;1;1;1;3;3;1;1;1;1;1;1;1;1;1;1;1;6;6;6;6;6;6;6;6;7;7;1;360;130;100
8xwi7ghn-2023-08-20;2023-08-20;8xwi7ghn;7;1;3;2;3;2;1;1;6;7;5;6;5;6;5;7;7;6;7;1;1;1;1;5;6;7;6;5;5;6;7;6;1;1;1;2;1;1;6;6;5;4;6;7;6;1;3;2;1;1;1;1;1;6;5;6;4;6;3;7;2;1;1;1;1;2;2;1;5;1;1;2;2;5;6;4;5;2;2;2;5;4;6;5;5;5;2;1;1;1;1;1;1;1;1;1;1;1;1;1;1;1;1;6;5;4;180;130;9
80tzbw39-2023-08-20;2023-08-20;80tzbw39;7;1;2;1;1;7;1;1;4;4;4;4;3;3;3;3;7;7;6;5;4;1;1;4;4;6;;;;5;4;5;1;1;1;6;1;1;4;5;5;4;4;4;4;1;1;1;1;1;1;1;1;5;5;7;7;2;4;7;1;1;1;1;1;1;1;1;1;1;1;3;1;3;1;1;1;1;1;1;3;3;1;5;4;4;1;1;1;1;1;1;1;1;1;1;1;1;3;1;1;1;1;7;1;1;88;53;9
pjfisslt-2023-08-20;2023-08-20;pjfisslt;7;2;2;2;5;4;3;3;5;5;5;5;4;3;4;6;7;6;7;3;1;2;1;5;6;5;;;;5;3;4;2;1;3;4;3;1;2;5;5;5;5;4;4;2;2;1;2;3;3;4;3;3;3;3;2;3;4;5;2;4;1;2;3;1;2;4;4;1;1;1;2;2;3;3;3;4;3;4;4;2;3;2;3;2;1;1;1;3;3;3;4;3;4;3;2;3;4;3;3;4;4;3;3;2;250;300;300
rgtnjz6k-2023-08-20;2023-08-20;rgtnjz6k;7;3;3;3;3;4;3;3;7;7;7;7;7;7;7;5;7;7;7;1;1;2;3;4;4;3;4;5;4;2;2;2;4;4;5;3;5;2;5;5;5;6;4;5;4;3;4;4;4;4;4;4;4;4;4;4;3;5;3;4;3;4;3;2;3;2;2;3;2;3;4;5;4;4;4;4;4;3;3;3;5;3;4;5;3;5;4;3;5;2;5;4;6;3;3;3;4;2;3;5;3;2;3;3;4;3;200;200;200
v0vrur7x-2023-08-20;2023-08-20;v0vrur7x;7;1;1;1;1;1;1;1;6;6;6;7;6;6;6;7;7;7;7;1;1;1;1;7;7;7;;;;7;7;7;1;1;1;1;1;1;4;6;6;6;4;4;3;6;6;6;7;7;7;6;6;6;6;6;6;1;1;1;1;1;1;1;1;1;1;1;1;1;1;1;1;2;6;6;6;1;1;1;2;2;5;5;4;4;1;1;1;1;1;1;1;1;1;6;6;6;6;6;6;6;6;4;6;6;130;130;9
efakwspp-2023-08-20;2023-08-20;efakwspp;7;1;2;1;1;1;1;1;6;6;7;7;6;5;6;7;7;7;7;1;1;1;1;7;7;7;1;1;1;4;4;5;1;1;1;1;1;1;3;7;7;5;4;7;7;2;2;1;1;1;1;1;1;5;2;6;5;3;3;5;1;1;1;1;1;3;1;3;3;1;1;5;4;1;2;1;1;1;1;1;4;4;4;4;4;4;1;1;1;1;1;4;1;1;1;1;1;1;3;3;3;2;1;4;5;5;110;133;9
fohxru2n-2023-08-20;2023-08-20;fohxru2n;7;1;1;1;1;1;1;1;3;4;4;3;1;1;1;2;7;7;7;1;1;1;1;3;4;4;;;;1;1;1;1;1;1;1;1;1;5;6;6;4;5;5;5;1;1;1;1;1;1;1;1;4;3;5;2;1;3;1;1;1;1;1;1;1;1;1;3;1;1;1;1;1;2;1;1;1;1;1;1;1;5;4;3;3;1;1;1;1;1;1;1;1;1;1;1;1;1;1;1;1;1;1;1;1;76;131;9
2nyyey5h-2023-08-20;2023-08-20;2nyyey5h;7;2;3;1;2;1;2;1;5;6;6;6;6;5;6;6;6;6;5;2;2;2;1;7;7;7;7;7;7;6;6;6;2;3;3;2;2;2;4;5;5;5;3;3;3;2;2;1;2;2;2;2;2;3;2;4;2;1;1;1;1;2;2;1;2;1;1;2;3;2;1;1;2;3;4;4;4;1;2;1;2;2;3;2;2;3;1;1;1;1;1;1;1;1;1;1;1;1;3;3;2;2;2;1;5;2;180;130;9
fdd9do5g-2023-08-20;2023-08-20;fdd9do5g;7;4;5;3;5;4;4;5;6;6;7;7;7;7;7;7;7;7;5;1;1;1;5;6;6;6;7;7;7;6;5;6;1;1;1;1;1;1;4;4;4;4;7;7;7;1;4;1;3;3;3;3;4;4;4;4;4;5;4;6;1;4;1;1;1;5;4;4;5;1;5;1;1;5;4;4;4;1;1;1;5;7;5;5;5;6;1;1;1;1;1;1;1;1;1;4;4;4;4;4;1;1;1;4;4;4;386;249;220
sfk8e56f-2023-08-20;2023-08-20;sfk8e56f;7;1;3;2;3;2;2;3;6;6;6;6;5;5;3;7;7;7;6;1;1;1;2;6;6;6;;;;6;5;6;1;1;1;2;1;1;3;5;5;6;4;4;5;1;1;1;3;3;4;4;1;3;4;3;4;1;3;4;1;2;2;1;2;2;1;2;2;1;1;1;2;2;4;4;3;1;1;1;2;2;3;2;3;3;2;2;1;2;2;2;2;1;1;2;3;3;2;3;2;2;3;5;3;2;120;89;9
81d8mgiy-2023-08-20;2023-08-20;81d8mgiy;7;2;2;2;2;2;2;2;6;6;7;6;6;6;6;7;7;6;7;1;1;1;2;6;6;6;6;6;6;7;7;7;2;2;2;1;1;1;3;5;5;5;4;4;4;5;5;5;5;5;5;5;5;6;6;6;6;2;2;2;1;1;1;1;1;1;1;1;1;1;1;1;1;2;4;4;4;1;1;1;2;2;2;2;2;2;1;1;1;1;1;1;1;1;1;5;5;5;6;6;5;5;5;6;6;6;147;147;120
qyktwy02-2023-08-20;2023-08-20;qyktwy02;7;1;1;1;3;1;1;1;2;2;2;2;1;1;1;7;5;7;7;1;1;1;5;4;4;4;;;;6;3;3;1;1;1;1;1;1;1;4;5;4;5;4;3;2;2;2;2;2;2;2;2;4;3;4;5;1;1;1;1;4;1;1;1;1;1;1;4;1;1;4;4;3;1;1;1;1;1;1;1;3;1;1;1;1;1;1;1;1;1;1;1;1;1;2;1;1;4;3;1;1;1;4;2;1;144;107;150
l02ngzvc-2023-08-20;2023-08-20;l02ngzvc;7;2;2;1;5;3;3;2;5;5;5;4;4;4;4;4;4;4;4;2;2;2;2;6;5;5;;;;5;5;5;2;1;1;1;1;1;1;6;6;6;7;7;7;1;1;1;1;1;1;1;1;1;1;1;1;4;6;6;1;1;1;1;1;1;1;1;5;1;1;1;4;4;3;2;2;1;1;1;1;1;1;1;1;1;1;1;1;1;1;1;1;1;1;1;1;1;1;1;1;1;1;1;1;1;120;120;120
nw335oj0-2023-08-20;2023-08-20;nw335oj0;7;1;1;1;1;1;1;1;5;5;7;7;7;7;7;5;7;7;7;1;1;1;3;6;6;6;7;7;7;1;7;7;1;1;1;1;1;1;3;7;7;7;6;6;6;1;1;1;1;1;1;1;1;4;4;4;4;1;1;1;1;1;1;1;1;1;1;1;1;1;1;1;1;1;3;3;3;3;3;3;1;1;1;1;1;1;1;1;1;1;1;1;1;1;1;1;1;1;1;1;1;1;1;6;3;1;240;240;200
2wdtqg8n-2023-08-20;2023-08-20;2wdtqg8n;7;2;2;3;2;1;2;1;5;6;7;6;4;5;6;6;7;7;7;1;1;1;1;6;7;7;7;7;7;7;7;6;1;1;1;3;2;1;4;4;5;4;4;5;4;4;3;2;5;5;4;4;4;5;4;5;5;3;3;5;1;1;2;1;1;2;1;1;3;1;1;1;3;4;3;3;3;4;4;4;4;4;3;4;5;3;1;1;1;1;1;1;1;1;1;4;4;4;7;7;5;4;4;4;5;4;95;83;9
imqfhhtj-2023-08-20;2023-08-20;imqfhhtj;7;2;2;2;3;2;2;3;5;5;5;5;6;5;6;6;6;6;5;1;1;2;2;6;6;5;6;6;5;3;3;4;3;2;2;3;2;2;5;5;5;6;5;5;5;5;5;5;5;5;5;5;5;6;5;6;4;3;5;6;2;2;3;2;2;2;2;3;2;2;2;4;3;2;3;5;5;5;5;2;5;5;2;5;5;5;2;2;2;2;3;2;2;2;2;4;3;5;5;5;5;4;5;6;3;4;179;133;9
qfrfrual-2023-08-20;2023-08-20;qfrfrual;7;2;2;2;4;3;3;3;5;5;5;5;4;5;4;6;6;5;6;2;2;1;2;5;5;5;;;;5;5;5;2;1;1;3;3;2;4;5;5;5;5;5;5;3;4;3;2;2;2;2;3;5;3;4;5;2;3;3;2;2;1;2;2;2;2;3;3;1;2;2;2;2;5;4;4;2;2;2;4;5;4;4;4;4;2;2;2;2;2;3;2;2;2;3;2;2;3;3;3;2;2;3;3;3;86;96;9
siqk35qr-2023-08-20;2023-08-20;siqk35qr;7;2;2;2;2;2;2;2;6;5;6;6;5;6;5;6;6;5;6;2;2;3;3;6;5;6;6;6;6;7;6;7;2;1;2;5;2;1;3;5;5;5;6;6;5;5;4;4;4;5;3;4;5;5;4;5;4;2;3;5;2;3;2;3;2;1;2;1;2;2;1;1;1;2;6;5;4;2;3;2;5;4;5;6;5;4;4;5;4;3;4;3;5;4;4;5;5;5;6;6;5;6;5;4;3;4;100;130;120
nx7ooaad-2023-08-20;2023-08-20;nx7ooaad;7;5;7;5;7;4;6;4;2;3;4;4;3;4;4;3;3;2;5;2;2;2;5;3;4;5;5;6;6;3;4;4;5;2;2;6;5;2;6;2;3;4;6;6;6;1;1;1;1;1;1;1;1;3;3;4;4;6;6;6;2;5;3;3;5;6;4;7;6;2;3;1;6;2;3;3;3;5;5;5;5;5;2;2;4;4;2;2;2;5;3;3;1;1;1;1;2;1;1;1;1;1;1;2;1;2;242;444;9
xfsorex2-2023-08-20;2023-08-20;xfsorex2;7;2;7;3;7;2;5;2;5;4;6;5;5;5;5;6;5;4;6;1;1;2;3;7;7;7;7;7;7;1;2;1;1;1;1;5;4;5;4;2;2;2;5;5;5;1;1;1;1;1;1;1;1;3;3;3;3;6;6;5;5;1;1;5;5;3;6;6;6;6;2;2;2;2;2;2;1;5;4;4;5;5;3;3;3;5;1;1;1;3;3;3;2;2;2;1;1;1;1;1;1;1;1;4;4;4;181;175;9
c170xotw-2023-08-20;2023-08-20;c170xotw;7;1;1;1;1;1;1;1;6;7;7;7;7;7;6;7;7;7;7;1;1;1;1;6;7;7;6;6;6;5;5;6;1;1;1;1;1;1;5;6;6;6;4;6;6;1;2;1;2;2;1;1;1;6;6;5;5;1;3;1;1;1;1;1;1;1;1;2;1;1;1;1;2;1;5;3;3;1;1;1;4;4;5;5;6;5;1;1;1;1;1;1;1;1;1;2;1;2;1;2;1;1;1;2;2;2;325;257;9
ngynrk6n-2023-08-20;2023-08-20;ngynrk6n;7;1;2;1;3;3;3;1;6;6;5;7;6;6;6;7;7;5;7;1;1;1;1;7;7;7;7;7;7;1;1;1;1;1;1;3;3;3;1;4;4;4;4;4;4;1;2;2;1;1;1;1;1;4;4;4;4;2;2;5;1;1;1;1;1;1;1;1;4;1;1;1;1;1;1;1;1;1;1;1;3;3;3;1;1;1;1;1;1;2;2;2;1;1;1;1;1;1;2;2;2;2;2;6;2;1;82;120;80
4hl4yca6-2023-08-20;2023-08-20;4hl4yca6;7;2;1;1;2;1;1;2;7;7;7;7;7;7;7;7;7;7;7;1;1;1;1;6;6;7;6;6;6;7;7;7;1;1;1;2;2;2;6;4;4;4;2;2;1;2;2;1;2;2;2;2;2;4;4;4;4;1;1;2;1;1;1;2;2;2;1;1;2;1;2;2;2;2;2;2;2;1;1;1;2;2;2;2;2;2;1;1;1;1;1;1;1;1;1;1;2;1;3;3;2;3;3;4;7;7;136;60;9
274u3v9e-2023-08-20;2023-08-20;274u3v9e;7;2;1;1;4;2;1;2;4;4;4;3;3;3;3;7;7;7;7;1;1;1;1;5;6;6;;;;3;3;2;1;1;1;2;2;1;2;4;4;5;5;5;5;4;4;2;3;3;4;2;2;4;1;4;5;1;3;5;1;3;1;1;1;1;1;1;4;1;1;1;3;3;4;2;3;2;2;2;1;4;3;2;2;2;2;2;2;3;2;2;2;2;2;3;2;2;4;5;3;2;3;2;2;4;350;377;300
2kxr1637-2023-08-20;2023-08-20;2kxr1637;7;2;5;2;5;4;5;3;4;5;5;4;4;5;4;5;5;4;6;3;2;2;3;4;5;5;;;;4;3;4;2;1;1;4;3;4;4;3;2;2;4;4;3;2;1;1;3;2;2;1;1;2;1;2;1;5;4;3;3;4;1;4;4;5;4;5;5;1;4;2;3;4;2;2;2;3;4;5;4;4;3;4;4;3;1;1;1;4;3;3;5;4;4;2;1;1;2;2;3;2;2;2;1;1;285;267;9
12ruwp83-2023-08-20;2023-08-20;12ruwp83;7;1;3;1;5;1;1;3;5;5;6;5;3;3;1;7;7;5;5;2;3;1;3;5;5;6;;;;4;4;4;1;1;1;5;1;1;5;3;4;4;6;6;6;1;1;2;1;1;1;1;1;5;5;5;5;5;5;5;1;3;1;1;1;1;1;2;5;1;1;1;1;1;3;1;1;1;1;1;5;4;3;3;3;3;1;1;1;1;1;1;1;1;1;2;1;2;4;5;2;2;2;1;1;3;99;82;9
cgaea5r1-2023-08-20;2023-08-20;cgaea5r1;7;1;1;1;4;1;1;1;7;7;7;7;7;7;7;7;7;7;7;1;1;1;1;7;7;7;;;;7;7;7;1;1;1;1;1;1;3;6;6;6;1;1;1;5;3;1;3;4;4;4;4;6;5;5;6;1;1;6;1;1;1;1;1;1;1;1;1;1;1;1;2;2;1;1;3;1;1;1;5;5;4;4;4;4;1;1;1;1;1;1;1;1;1;2;4;3;2;2;3;3;3;6;4;5;229;354;9
astuyd7i-2023-08-20;2023-08-20;astuyd7i;7;1;7;1;7;1;2;1;4;5;3;3;4;5;6;7;7;7;7;1;1;1;1;5;5;6;5;4;4;4;2;6;2;1;1;2;1;1;3;1;1;1;5;7;7;1;2;1;1;1;1;1;1;2;2;2;1;7;5;2;5;7;5;5;3;6;7;3;7;1;1;1;2;5;2;1;1;7;7;7;5;2;1;1;1;1;2;2;2;5;7;5;6;5;5;1;1;1;2;3;2;2;2;1;1;1;248;248;354
ujv36h29-2023-08-20;2023-08-20;ujv36h29;7;3;4;1;5;2;2;1;4;5;7;4;3;2;1;6;6;5;7;2;1;1;2;4;4;5;;;;6;5;6;1;1;1;2;1;1;3;3;3;3;6;6;6;1;1;1;1;3;3;1;1;3;5;2;1;5;5;3;2;5;1;4;2;2;2;1;6;1;3;1;1;5;2;2;2;4;4;4;4;4;4;2;3;3;1;1;1;1;1;1;2;3;3;2;1;1;1;1;1;1;1;5;3;2;250;251;
hwyr5z1l-2023-08-20;2023-08-20;hwyr5z1l;7;2;5;3;4;1;4;5;5;7;7;5;6;4;3;4;5;7;5;1;1;1;1;5;6;7;5;6;7;6;6;5;2;1;3;2;1;1;2;5;5;5;5;3;2;1;1;1;1;1;1;1;1;3;3;3;1;1;3;1;3;2;1;4;1;4;1;1;4;1;1;1;1;5;1;1;1;4;5;5;2;1;3;1;1;1;1;1;1;5;1;1;3;2;2;1;1;1;1;1;1;1;1;1;4;1;126;72;9
e3nslymf-2023-08-20;2023-08-20;e3nslymf;7;1;3;2;2;1;1;1;6;5;7;7;7;7;7;7;6;5;3;7;7;7;6;6;7;7;;;;6;6;7;6;2;1;1;1;1;3;4;4;4;3;2;3;1;6;1;1;1;1;1;1;1;4;6;7;3;3;2;1;1;1;1;1;1;1;1;3;1;1;1;1;1;1;1;3;1;1;1;1;1;1;2;3;1;1;1;1;1;1;1;1;1;1;1;1;1;1;1;1;1;1;1;1;1;105;121;9
13nfe67c-2023-08-20;2023-08-20;13nfe67c;7;2;3;2;3;3;3;3;6;6;6;6;5;4;4;6;5;3;7;2;3;2;1;6;6;6;6;6;6;4;4;4;2;2;2;2;3;3;4;5;5;5;5;5;5;2;2;3;2;2;2;2;3;4;3;5;5;3;3;3;3;3;1;3;3;4;4;5;5;3;2;3;2;2;3;3;3;5;5;5;5;6;4;3;4;4;2;2;2;3;3;3;3;3;3;3;3;2;2;3;2;2;2;6;6;6;252;220;200
qbqm9ovq-2023-08-20;2023-08-20;qbqm9ovq;7;2;3;2;3;1;2;1;5;7;6;6;7;6;7;4;5;3;5;2;3;3;5;6;7;7;7;7;7;5;5;5;3;1;2;1;1;1;4;5;5;7;5;5;5;5;5;1;5;5;4;3;2;6;5;5;6;2;5;6;1;2;1;2;1;1;2;4;2;1;1;1;1;1;4;4;4;2;2;2;4;5;3;3;5;6;1;1;1;3;2;2;1;1;1;3;4;4;3;3;3;3;3;3;3;3;140;139;9
u0fyjx2x-2023-08-20;2023-08-20;u0fyjx2x;7;1;1;1;2;1;2;3;7;7;7;7;6;6;7;6;7;7;7;1;1;1;1;5;6;5;;;;6;7;7;1;1;1;1;1;1;3;7;6;7;4;3;3;4;3;3;4;3;3;3;6;6;6;5;5;1;2;1;1;1;1;2;1;1;1;1;2;1;2;1;2;1;5;1;3;1;1;1;2;1;1;3;1;1;1;1;1;1;1;1;2;1;1;3;4;2;5;4;3;2;2;3;2;2;93;70;9
9dkxihxa-2023-08-20;2023-08-20;9dkxihxa;7;6;4;3;6;2;2;1;5;3;4;5;5;5;5;6;6;6;6;6;5;3;3;4;4;4;;;;2;2;2;2;1;1;1;1;1;7;5;5;5;7;7;7;1;1;1;1;1;1;1;1;5;3;3;3;6;6;3;4;6;1;6;5;6;6;6;6;1;7;1;4;6;2;6;1;6;6;6;6;6;3;2;6;6;1;1;1;1;1;1;1;1;1;1;1;1;1;1;1;1;1;1;1;1;125;211;9
lez5z578-2023-08-20;2023-08-20;lez5z578;7;5;6;6;6;3;3;2;5;4;5;5;6;4;5;6;6;7;7;5;5;4;2;6;6;7;;;;4;5;4;7;1;5;3;1;1;6;6;6;5;6;6;6;3;3;2;4;3;5;5;2;3;4;5;5;6;6;5;1;5;6;5;3;2;3;6;7;1;2;1;1;3;5;6;3;3;4;3;6;6;4;5;6;5;1;1;1;3;4;3;5;5;4;3;2;3;3;4;3;2;4;5;5;5;150;217;9
bh90c0em-2023-08-20;2023-08-20;bh90c0em;7;2;5;1;6;3;3;2;6;6;6;6;6;5;4;6;6;6;6;1;1;1;1;7;7;7;6;5;5;2;2;2;1;1;1;5;5;5;1;4;4;4;4;4;5;3;1;1;1;1;1;1;1;4;4;4;4;6;6;6;1;7;1;1;1;1;5;1;1;6;6;1;6;1;5;4;4;4;4;4;5;5;3;3;5;3;5;3;3;4;2;3;4;4;4;4;3;3;5;5;5;4;4;7;4;5;188;377;340
5ygpsdn2-2023-08-20;2023-08-20;5ygpsdn2;7;1;3;2;3;3;2;2;5;6;4;4;3;5;6;4;7;4;5;4;3;3;2;5;5;5;4;4;4;6;6;5;3;1;3;3;2;1;3;4;4;4;5;5;5;2;2;2;2;4;5;2;1;5;3;4;6;2;4;2;2;2;1;1;2;1;1;1;2;1;1;1;2;2;5;4;5;3;3;3;3;2;2;4;4;4;1;1;1;1;1;1;2;2;2;2;1;3;2;2;2;2;2;6;4;4;118;156;9
85f7arnd-2023-08-20;2023-08-20;85f7arnd;7;2;4;2;5;3;2;3;5;5;5;5;4;4;4;6;6;6;7;3;3;3;3;5;5;5;;;;5;5;5;5;1;1;3;4;3;4;4;5;5;4;4;3;4;5;5;4;5;5;5;4;4;4;4;4;5;2;4;5;3;1;1;1;1;1;1;5;1;1;1;3;4;3;3;4;4;4;4;4;5;3;3;3;3;1;1;1;2;2;2;4;4;4;3;3;3;5;5;4;4;4;4;3;4;9;200;180
pqbi624x-2023-08-20;2023-08-20;pqbi624x;7;2;3;2;4;3;3;3;5;5;5;5;5;5;5;6;6;6;6;2;2;2;2;5;5;5;;;;4;4;4;3;2;2;3;3;3;4;4;4;4;5;5;5;4;3;3;3;3;3;3;3;5;5;6;4;3;3;4;4;4;4;4;3;3;3;4;4;2;3;2;2;2;5;3;4;3;3;3;3;3;3;4;4;4;3;3;3;3;3;3;4;3;3;4;4;4;5;5;4;5;5;3;4;3;330;223;9
3isd0swb-2023-08-20;2023-08-20;3isd0swb;7;3;2;2;4;1;3;3;5;5;6;5;6;5;5;6;3;5;7;3;3;3;3;5;5;5;;;;5;5;5;5;3;5;2;2;2;4;5;6;5;5;5;3;2;2;2;3;2;2;2;2;5;3;4;4;2;3;3;3;3;2;2;2;2;2;2;2;1;1;1;3;1;3;3;3;2;2;3;3;2;5;2;4;3;2;2;2;2;2;2;2;2;1;2;3;3;5;6;5;5;4;2;2;2;270;210;9
cq1fz8m9-2023-08-20;2023-08-20;cq1fz8m9;7;1;5;1;7;3;3;2;6;5;6;5;4;3;4;4;5;5;7;3;2;1;3;6;6;6;;;;4;4;4;1;1;1;1;1;1;5;5;4;4;6;6;6;1;2;1;1;1;1;1;1;3;3;3;3;7;7;7;1;4;2;3;2;2;2;5;7;1;1;2;5;5;4;4;4;3;3;3;5;5;4;3;5;5;1;1;1;6;6;6;3;2;2;1;1;1;1;1;1;1;1;2;2;2;190;221;9
x2seqlre-2023-08-20;2023-08-20;x2seqlre;7;1;1;1;1;1;1;1;4;4;4;5;5;5;5;5;5;5;5;3;3;3;3;5;5;5;4;4;4;5;5;5;2;2;2;5;1;1;4;4;4;4;4;4;4;2;2;2;4;4;4;4;4;4;4;4;4;2;2;2;1;1;1;1;1;1;1;1;1;1;2;2;2;2;4;4;4;2;2;2;4;4;4;4;4;4;1;1;1;1;1;1;1;1;1;4;4;4;4;4;4;4;4;4;4;4;116;86;9
ef5uso1e-2023-08-20;2023-08-20;ef5uso1e;7;1;1;1;1;1;1;1;6;7;7;7;7;7;7;7;7;7;7;1;1;1;1;7;7;7;7;7;7;7;7;7;1;1;1;1;1;1;4;4;4;4;6;6;6;4;4;4;4;4;4;4;4;4;4;4;4;1;6;7;1;1;1;1;1;1;1;1;1;1;1;1;1;1;2;2;2;4;4;4;1;1;1;1;1;1;1;1;1;1;1;1;4;4;4;4;4;4;4;4;4;4;4;4;4;4;248;166;
572smos1-2023-08-20;2023-08-20;572smos1;7;1;6;1;5;5;7;2;7;6;6;6;4;4;7;7;3;6;7;1;1;1;2;7;7;7;;;;6;6;6;1;1;1;1;1;1;4;6;6;6;7;7;7;4;4;4;3;3;3;3;2;2;1;4;7;5;7;7;1;2;1;2;1;3;2;3;5;1;1;1;1;5;5;5;2;1;1;1;5;5;4;7;7;7;1;1;1;1;1;1;5;5;5;1;1;1;1;7;1;1;1;1;1;1;151;151;9
k3fhw6t1-2023-08-20;2023-08-20;k3fhw6t1;7;2;2;2;3;2;2;2;6;5;5;6;2;5;5;6;7;7;6;1;1;1;2;5;5;5;;;;6;5;5;1;1;1;1;1;1;3;6;6;6;4;4;3;3;3;3;2;4;3;2;2;3;2;2;3;2;3;6;2;2;2;2;2;2;2;2;2;2;4;5;2;3;4;2;3;2;2;2;2;2;2;3;2;2;1;1;1;2;2;2;2;2;2;2;2;2;2;2;2;2;2;3;4;2;480;286;9
0uf3gr6f-2023-08-20;2023-08-20;0uf3gr6f;7;3;2;2;4;3;3;3;5;6;4;6;6;5;6;5;6;4;6;1;1;1;1;6;5;6;6;5;5;7;6;5;1;1;1;3;3;3;3;4;3;4;4;3;3;2;2;2;2;2;3;1;2;3;5;4;3;4;3;3;3;4;1;3;1;3;3;3;2;2;5;4;2;3;2;3;3;4;4;4;5;5;2;2;4;4;3;2;2;4;3;2;2;2;2;3;2;2;4;4;3;2;3;6;7;6;240;105;9
2yqbzr1y-2023-08-20;2023-08-20;2yqbzr1y;7;2;3;2;3;3;3;5;5;6;7;6;6;6;4;6;7;7;4;2;1;1;3;7;6;6;6;7;7;6;6;6;3;1;1;2;1;1;2;6;6;5;3;3;2;3;2;2;3;2;3;2;2;5;2;5;4;3;3;4;2;4;1;2;2;3;2;3;4;1;3;1;2;2;3;3;3;3;2;3;3;3;2;4;1;1;2;1;1;4;3;2;3;2;3;4;3;2;3;4;4;3;3;4;4;3;150;137;9
i8glacci-2023-08-20;2023-08-20;i8glacci;7;1;2;2;3;1;1;2;5;4;4;4;3;3;5;4;6;6;6;1;1;1;3;3;4;5;;;;6;6;6;1;1;1;1;1;1;1;5;5;4;2;2;2;1;1;1;1;1;1;1;1;2;1;2;1;3;3;3;1;1;2;2;2;2;1;2;2;1;1;1;1;1;1;2;2;3;3;3;3;5;2;2;1;1;1;1;1;2;2;1;3;3;3;1;1;1;1;1;1;1;1;3;2;4;246;136;9
fkoc4utl-2023-08-20;2023-08-20;fkoc4utl;7;2;2;2;3;3;3;3;5;5;5;4;4;4;4;5;7;5;7;1;1;1;3;5;5;5;;;;5;5;5;2;1;2;4;2;2;4;5;5;5;2;2;2;5;5;5;5;5;5;4;4;4;4;4;4;2;2;2;1;2;1;2;2;2;4;3;3;1;1;1;1;2;5;5;5;2;2;2;4;4;2;2;2;4;1;1;1;1;1;1;1;2;1;5;5;5;5;5;5;5;5;3;2;2;250;117;
d5jk529p-2023-08-20;2023-08-20;d5jk529p;7;3;2;2;1;1;2;2;6;6;6;6;6;6;5;7;6;6;7;1;1;1;1;5;5;5;;;;5;5;5;1;1;1;2;2;2;4;7;6;7;4;4;4;1;1;1;1;1;1;1;1;4;4;5;5;1;3;3;1;1;1;2;2;2;1;2;1;1;1;1;1;1;3;3;3;1;1;1;4;4;3;3;3;3;1;1;1;1;1;1;2;2;2;1;1;1;4;4;2;2;2;4;3;2;532;206;9
vkrlmx68-2023-08-20;2023-08-20;vkrlmx68;7;1;1;1;1;1;1;1;7;6;6;7;7;7;7;7;6;6;7;1;1;1;3;6;6;6;6;6;6;5;6;5;1;1;1;1;1;1;1;6;6;6;1;1;1;1;1;1;1;1;1;1;1;2;1;3;1;1;1;1;1;1;1;1;1;1;1;1;1;1;1;1;1;1;1;1;1;1;1;1;1;1;1;1;1;1;1;1;1;1;1;1;1;1;1;1;1;1;1;1;1;1;1;1;1;1;55;34;9
d6xtqb5s-2023-08-20;2023-08-20;d6xtqb5s;7;3;3;3;5;6;5;5;6;6;6;5;6;6;5;6;6;7;7;1;1;1;1;3;4;4;5;6;5;6;6;6;2;2;2;5;4;4;4;5;6;5;6;6;6;2;2;2;1;1;1;1;1;2;2;2;2;4;4;4;1;1;1;1;1;2;2;2;1;1;1;1;4;2;3;4;3;3;4;4;1;2;2;2;1;1;1;1;1;1;1;1;1;1;1;1;1;1;2;2;1;1;1;6;6;6;117;117;117
pgyp3xdw-2023-08-20;2023-08-20;pgyp3xdw;7;4;3;3;3;3;3;4;5;6;5;6;6;5;4;5;6;6;5;2;2;2;1;6;6;7;;;;3;3;3;2;1;1;3;1;1;1;6;6;5;3;4;6;1;3;1;1;2;1;1;1;4;2;4;2;5;4;4;2;3;3;3;4;5;4;4;5;2;2;1;2;3;6;4;6;5;4;4;5;3;5;4;6;6;1;1;1;3;3;3;2;1;1;3;2;2;2;2;3;4;4;2;1;1;225;214;9
2ygyx4t9-2023-08-20;2023-08-20;2ygyx4t9;7;1;2;2;5;4;4;4;4;3;4;3;3;2;1;7;5;3;5;2;3;2;1;5;5;6;;;;5;5;5;2;2;2;5;2;1;5;6;6;6;6;6;6;2;2;2;2;2;2;2;2;5;5;5;5;4;4;3;1;3;2;3;3;3;3;3;4;2;1;2;2;1;3;3;4;2;2;2;5;6;4;5;5;5;1;1;1;4;4;4;1;1;1;2;2;2;4;3;3;2;2;6;5;5;469;309;250
m8mf7rq7-2023-08-20;2023-08-20;m8mf7rq7;7;1;1;1;1;1;1;1;3;3;2;3;1;1;1;7;7;5;7;1;1;1;1;3;3;3;;;;4;2;2;1;1;1;1;1;1;1;4;4;4;5;5;5;1;1;1;1;1;1;1;1;1;1;4;1;1;4;2;1;1;1;1;1;1;1;1;1;1;1;1;3;2;1;1;1;1;1;1;5;5;4;2;2;2;1;1;1;1;1;1;1;1;1;1;1;1;1;1;1;1;1;1;1;1;147;39;9
9ptcjl2j-2023-08-20;2023-08-20;9ptcjl2j;7;6;6;6;6;6;6;7;6;7;7;6;6;6;3;7;7;7;7;1;1;1;1;7;7;7;7;7;7;4;4;4;1;1;1;1;1;1;3;6;6;5;7;7;7;1;1;1;2;2;2;2;2;5;6;6;6;2;2;5;1;1;1;1;1;1;1;1;1;1;1;1;1;1;5;5;5;1;1;1;1;1;2;2;1;2;1;1;1;1;1;1;1;1;1;1;1;1;2;2;2;2;2;2;2;2;354;354;9
78nxtwlp-2023-08-20;2023-08-20;78nxtwlp;7;2;2;1;3;1;2;1;5;5;5;4;3;4;5;5;6;6;5;2;2;1;2;4;5;5;;;;3;3;3;3;2;1;2;2;1;3;6;5;6;3;3;4;5;5;3;4;3;3;2;3;4;4;4;4;4;3;2;1;1;2;3;3;3;3;3;4;1;1;2;2;1;5;5;3;4;4;2;3;2;1;1;2;2;1;1;1;1;1;1;2;2;1;4;3;4;4;3;3;4;3;2;4;4;112;112;9
phb9jzh8-2023-08-20;2023-08-20;phb9jzh8;7;2;1;1;1;1;1;1;6;7;7;7;7;7;6;7;7;7;7;1;1;1;1;7;7;7;7;7;7;6;6;5;1;1;1;1;1;1;4;6;6;6;4;3;3;4;4;4;4;4;4;4;4;5;5;4;4;1;1;1;2;1;1;1;1;1;1;1;1;1;1;1;1;1;6;5;6;1;1;1;1;2;3;3;2;2;1;1;1;1;1;1;1;1;1;3;3;3;4;4;3;3;3;6;4;5;165;101;9
oh1gr78n-2023-08-20;2023-08-20;oh1gr78n;7;1;5;1;5;1;1;1;5;6;6;6;2;2;2;4;2;7;7;4;1;1;5;7;7;7;7;7;7;6;5;6;1;1;1;1;1;1;7;3;4;3;7;7;7;4;2;2;1;1;1;1;1;2;2;1;1;1;5;5;5;5;1;1;1;1;1;1;1;1;1;1;1;7;5;1;1;1;1;1;1;1;1;1;1;1;1;1;1;1;1;1;2;7;2;4;4;4;1;1;1;1;1;1;1;1;143;129;100
31cih9na-2023-08-20;2023-08-20;31cih9na;7;1;1;1;1;1;1;4;6;7;7;6;6;5;3;7;7;7;7;1;1;1;1;6;6;6;;;;6;7;5;1;1;1;1;1;1;4;5;5;6;6;6;6;1;1;1;2;2;2;1;1;6;3;5;6;1;7;7;1;1;1;1;1;3;1;1;1;1;1;4;4;2;5;3;5;1;1;1;5;5;5;3;5;5;1;1;1;1;1;1;1;1;4;2;2;4;4;4;2;2;2;6;2;4;121;101;9
c7rh2fva-2023-08-20;2023-08-20;c7rh2fva;7;1;4;1;4;4;4;4;4;5;6;5;5;5;1;5;5;6;7;1;1;1;1;5;7;7;7;7;7;5;5;4;4;4;4;1;1;1;1;3;3;3;3;3;3;4;5;4;4;4;4;4;5;1;1;1;1;5;5;5;2;1;1;3;1;3;3;5;5;1;1;2;1;4;1;1;1;3;3;3;3;3;2;1;1;1;1;1;1;2;2;1;1;1;1;3;2;2;1;5;2;2;1;3;1;4;360;274;9
8tzen53z-2023-08-20;2023-08-20;8tzen53z;7;1;4;1;4;3;3;2;2;3;6;4;5;3;4;5;5;4;4;1;1;1;5;5;5;7;;;;5;5;5;1;1;1;2;2;2;4;3;3;5;5;5;5;1;1;1;1;1;1;1;1;3;2;2;2;3;5;6;1;5;1;3;3;6;2;6;5;1;2;2;2;1;2;2;2;2;2;2;5;5;3;3;4;3;1;1;1;3;1;3;1;1;1;1;1;1;1;3;1;1;1;1;1;3;351;344;9
rzu5hcc6-2023-08-20;2023-08-20;rzu5hcc6;7;2;2;1;2;2;2;3;5;7;6;6;5;6;6;6;6;7;7;1;1;1;2;6;6;7;;;;6;6;7;1;1;1;1;1;1;3;6;7;5;3;4;5;1;1;1;1;1;1;1;2;2;1;4;1;1;3;4;1;2;1;1;3;4;1;4;2;1;1;1;3;3;4;3;3;2;1;1;2;2;2;4;2;2;1;1;1;3;2;2;1;1;2;1;1;1;1;1;1;1;1;5;4;5;97;82;9
99soqkgb-2023-08-20;2023-08-20;99soqkgb;7;2;2;2;1;1;1;1;7;6;5;7;5;5;5;7;7;7;7;1;1;1;3;7;7;7;7;7;7;5;5;5;1;1;1;1;1;1;6;5;5;5;3;3;4;4;4;4;4;4;6;4;4;4;4;4;4;1;1;3;1;2;1;1;1;2;1;1;1;1;1;1;1;1;4;3;4;1;1;1;2;3;4;4;2;2;1;1;1;1;1;1;1;1;1;3;4;4;5;5;5;5;5;1;1;1;300;370;360
rdvj1hai-2023-08-20;2023-08-20;rdvj1hai;7;1;1;1;4;1;1;1;4;4;3;1;1;1;1;7;5;6;7;1;1;1;4;7;7;7;7;7;7;7;7;7;1;1;1;1;1;1;3;5;6;5;6;7;7;7;6;1;6;7;6;6;7;4;2;5;7;6;7;1;1;1;1;1;1;1;1;4;4;1;1;1;1;1;6;4;6;1;1;1;4;4;4;4;4;5;1;1;1;1;1;1;5;3;4;4;4;3;7;7;3;6;4;7;7;7;452;409;9
yoxk9egi-2023-08-20;2023-08-20;yoxk9egi;7;1;2;1;1;1;1;1;5;4;4;4;5;5;4;7;6;3;6;2;2;2;4;5;6;5;6;5;5;6;6;7;1;1;1;1;1;1;1;4;5;5;1;1;1;1;1;1;1;1;1;1;4;1;1;2;2;2;2;2;2;2;2;2;1;1;1;3;2;2;2;3;2;2;1;1;1;1;1;1;1;1;2;1;1;1;1;1;1;1;1;1;2;1;1;2;1;1;1;2;3;2;1;1;4;1;150;256;120
9kzbmiw5-2023-08-20;2023-08-20;9kzbmiw5;7;1;1;1;3;1;1;3;5;6;7;7;7;5;7;3;5;5;7;1;1;1;4;7;7;7;;;;5;5;5;1;1;1;1;1;1;2;7;6;7;6;7;7;7;7;7;7;7;1;1;1;7;7;7;7;6;7;7;1;6;1;1;7;7;2;2;7;1;3;1;5;2;7;7;7;6;2;1;6;6;7;6;7;7;1;1;1;2;1;1;1;1;1;7;2;7;7;7;2;1;1;1;3;6;115;115;250
eyl9b5uc-2023-08-20;2023-08-20;eyl9b5uc;7;4;3;2;1;1;2;3;6;6;6;7;7;7;7;6;6;4;5;1;3;3;3;5;5;4;;;;6;6;6;3;1;1;2;3;1;2;4;4;4;3;4;4;4;5;5;5;5;5;5;5;6;5;6;6;2;2;7;2;3;1;1;1;1;1;3;1;1;4;1;4;4;5;4;6;1;2;1;2;2;3;2;2;2;1;1;1;1;1;5;1;1;1;4;4;4;5;5;5;4;5;1;1;1;630;384;360
0ve8lh5z-2023-08-20;2023-08-20;0ve8lh5z;7;1;2;1;2;1;1;1;7;7;6;7;7;6;6;7;7;7;7;1;1;1;1;7;7;7;;;;6;7;7;1;1;1;2;1;1;3;6;6;5;3;3;3;1;1;1;1;1;1;1;1;1;1;1;1;2;2;1;1;1;3;1;1;1;1;3;2;1;1;1;3;2;2;2;2;2;2;2;1;1;2;2;1;1;1;1;1;1;1;1;1;1;1;1;1;1;1;1;1;1;1;1;2;1;331;177;9
d156ouq6-2023-08-20;2023-08-20;d156ouq6;7;1;1;1;2;1;1;1;7;7;7;7;7;6;6;7;7;7;7;1;1;1;1;7;7;7;7;7;7;7;7;7;1;1;1;1;1;1;4;4;4;4;4;4;4;2;2;1;1;1;1;1;2;4;4;3;4;1;2;1;1;1;1;1;1;1;1;1;1;1;1;1;1;1;5;6;6;1;1;1;1;1;4;4;4;4;1;1;1;1;1;1;1;1;1;4;4;4;5;5;5;5;4;2;1;1;350;118;9
fdrufbo5-2023-08-20;2023-08-20;fdrufbo5;7;3;3;2;3;2;2;3;7;7;6;7;7;7;7;7;6;7;7;1;1;1;1;7;7;7;;;;7;7;7;1;1;2;1;1;1;2;6;6;6;6;6;6;5;7;4;6;4;4;1;4;7;7;7;7;2;5;7;1;1;1;1;1;1;1;1;2;1;1;1;3;2;5;4;5;1;1;1;5;5;5;5;5;5;1;1;1;1;1;1;1;1;1;4;6;6;5;5;4;3;4;1;2;4;550;470;400
qdp6xzrk-2023-08-20;2023-08-20;qdp6xzrk;7;1;1;1;3;1;1;2;6;6;6;6;3;5;4;6;7;6;7;1;1;1;1;5;5;5;;;;1;1;1;1;1;1;1;1;1;4;5;5;5;6;6;6;1;1;1;1;1;1;1;1;3;3;3;3;3;3;3;1;1;1;3;1;1;1;1;2;1;1;1;1;1;5;5;5;2;2;2;4;4;4;4;4;4;1;1;1;3;3;3;2;2;2;2;2;2;2;2;2;2;2;5;5;3;73;50;9
kehpd24f-2023-08-20;2023-08-20;kehpd24f;7;4;5;3;5;3;4;4;5;5;6;5;5;4;3;5;4;4;4;3;2;3;3;5;4;4;;;;4;3;3;5;2;2;3;3;2;3;4;3;3;4;3;4;3;2;3;2;3;2;2;2;3;2;3;2;4;4;3;3;2;2;4;5;4;4;5;6;4;2;1;3;5;2;2;2;2;2;2;5;4;2;2;3;2;2;3;2;3;2;2;2;2;2;2;2;1;2;1;2;2;1;4;3;2;187;166;9
mnnqsclj-2023-08-20;2023-08-20;mnnqsclj;7;3;2;3;4;3;3;4;6;7;7;7;6;6;5;5;6;6;7;2;2;1;2;6;6;6;;;;5;5;4;2;1;1;2;2;2;6;6;6;6;6;5;5;2;3;2;3;3;2;2;3;7;6;6;6;4;4;5;2;2;2;3;2;3;3;3;3;3;1;3;4;2;6;7;6;2;3;2;4;3;4;4;3;4;2;3;2;3;2;3;2;2;2;5;4;4;6;4;5;4;5;5;5;4;170;130;9
8b0qn8aq-2023-08-20;2023-08-20;8b0qn8aq;7;2;1;3;2;5;3;2;6;6;7;7;6;6;6;6;7;7;7;2;1;1;1;7;6;7;;;;7;7;6;1;1;1;1;2;1;6;7;6;6;5;4;5;6;6;5;6;6;5;7;6;5;5;6;6;2;4;4;1;2;1;2;1;2;1;1;1;1;1;1;1;1;6;5;5;1;1;1;2;2;4;6;5;4;1;1;1;1;2;1;2;2;1;6;6;6;6;5;6;7;5;6;6;5;360;193;193
ryab6ogb-2023-08-20;2023-08-20;ryab6ogb;7;3;3;3;2;1;1;1;7;7;7;7;7;7;4;7;7;7;7;1;1;1;1;6;7;7;;;;7;7;6;1;1;1;1;1;1;3;6;6;6;3;3;2;1;1;1;1;1;1;1;1;6;4;6;4;2;2;2;1;1;1;1;1;1;1;1;1;1;1;1;1;1;6;3;3;1;1;1;1;1;4;2;2;2;1;1;1;1;1;1;1;1;1;6;3;5;1;1;1;1;1;1;1;1;244;152;244
26voz9um-2023-08-20;2023-08-20;26voz9um;7;1;2;1;2;4;2;1;7;6;6;6;6;6;5;7;7;6;7;1;1;1;3;7;7;7;;;;2;5;5;1;1;1;5;2;1;6;7;6;6;6;6;6;2;2;2;2;4;3;3;2;6;6;7;7;2;5;1;1;1;1;3;3;2;1;6;4;2;1;2;5;1;6;7;6;1;1;1;3;3;5;5;4;4;3;4;2;2;2;3;1;1;1;3;3;3;5;5;3;3;2;6;4;3;145;145;9
3i6epr49-2023-08-20;2023-08-20;3i6epr49;7;1;2;1;2;1;1;1;6;4;7;7;7;7;7;4;7;4;4;2;2;2;6;7;7;7;7;7;7;5;5;5;1;1;1;1;1;1;6;7;7;7;6;6;6;1;1;1;1;1;1;1;1;6;3;3;6;2;5;4;1;1;1;1;1;1;1;2;1;1;1;1;2;1;4;4;4;1;1;1;2;2;6;6;4;4;1;1;1;1;1;1;1;1;1;1;1;1;1;1;1;1;1;4;1;1;114;65;9
11u9ixuw-2023-08-20;2023-08-20;11u9ixuw;7;2;2;1;3;1;2;1;7;7;7;7;7;6;6;7;7;7;6;1;1;1;2;7;7;7;6;7;7;7;7;7;1;1;1;1;1;1;3;6;6;6;6;6;6;1;1;1;1;2;2;2;2;5;5;4;4;2;2;2;2;2;1;1;1;1;1;1;2;1;1;1;3;3;3;5;5;2;2;2;1;1;1;1;2;2;1;1;1;1;1;1;1;1;1;3;4;3;3;3;3;3;3;2;2;2;235;165;9
zqture38-2023-08-20;2023-08-20;zqture38;7;2;4;3;5;3;4;4;6;5;6;6;5;6;4;6;6;4;6;2;2;1;3;7;7;6;7;7;7;6;4;6;2;1;1;2;1;1;4;4;4;5;6;6;5;3;3;3;4;4;4;3;3;4;4;6;6;5;6;5;2;4;1;2;3;3;2;2;5;1;1;1;1;6;5;5;5;2;2;3;4;4;4;5;3;3;1;1;1;3;3;2;2;3;2;3;3;3;5;6;4;4;3;2;3;2;270;362;300
jzfciqxy-2023-08-20;2023-08-20;jzfciqxy;7;2;2;1;2;2;2;2;7;7;6;7;7;7;7;7;7;7;7;1;1;1;1;7;7;7;;;;7;7;7;1;1;1;1;1;1;1;7;7;7;7;2;2;7;7;7;7;7;7;7;7;7;7;7;7;1;1;2;1;1;1;1;1;1;1;1;1;1;1;1;1;1;7;7;7;1;1;1;2;1;1;1;1;1;1;1;1;1;1;1;1;6;1;7;7;7;7;7;7;7;7;7;7;2;90;90;9
3ckgky6p-2023-08-20;2023-08-20;3ckgky6p;7;1;4;1;5;1;5;2;5;5;6;6;6;4;1;7;6;5;7;1;3;1;2;7;7;7;7;7;7;4;4;4;1;1;1;3;3;3;5;4;4;4;7;7;7;1;1;1;1;1;1;1;1;4;2;4;4;5;5;5;2;6;1;3;4;4;5;5;4;1;1;1;4;4;3;3;3;3;3;3;4;4;2;2;4;4;1;1;1;3;3;3;3;3;3;1;1;1;5;5;1;1;1;5;5;5;90;108;9
ngxyy313-2023-08-20;2023-08-20;ngxyy313;7;2;2;2;2;2;2;2;6;5;5;5;3;3;4;5;5;5;5;5;5;5;6;5;5;5;5;5;6;5;5;5;2;2;2;2;2;2;2;6;6;6;4;4;4;4;3;3;4;4;4;4;4;5;5;5;5;2;2;2;2;1;1;2;3;2;2;2;2;1;1;1;1;1;3;5;3;3;3;3;4;4;4;4;4;4;1;1;1;3;2;2;3;2;2;3;3;2;3;4;4;4;4;2;3;3;168;140;9
t6s0c31z-2023-08-20;2023-08-20;t6s0c31z;7;2;4;3;6;2;3;2;2;2;4;2;2;2;2;3;6;4;3;2;2;2;3;3;3;4;;;;2;3;4;3;1;1;2;1;1;5;6;6;6;6;6;6;5;5;5;5;5;5;3;2;4;4;4;4;5;5;5;2;1;1;3;1;1;1;1;4;1;1;1;2;3;4;3;3;3;3;3;2;2;4;5;4;4;1;1;1;2;2;2;4;4;4;2;3;5;5;5;3;3;3;1;4;5;214;111;9
2w18bpzf-2023-08-20;2023-08-20;2w18bpzf;7;1;3;2;3;3;3;4;6;7;5;7;7;7;6;6;7;7;6;3;2;1;3;7;7;7;7;7;7;6;6;7;1;1;1;2;1;1;4;5;4;6;7;6;6;2;3;1;2;1;1;1;2;6;5;6;6;2;6;5;1;3;4;2;4;5;1;1;3;1;1;1;2;3;5;4;6;2;1;1;4;6;5;5;4;5;1;1;1;1;1;1;1;1;1;3;2;2;5;5;2;5;4;3;5;4;245;177;9
4p5nnm6k-2023-08-20;2023-08-20;4p5nnm6k;7;3;3;3;2;2;2;2;5;6;6;6;6;6;6;6;6;6;6;1;1;1;1;6;6;6;;;;6;6;6;1;1;1;2;2;2;4;6;6;6;6;6;6;4;4;4;3;3;2;3;3;4;2;5;5;2;2;2;2;2;1;1;4;2;1;4;4;1;3;3;1;3;5;5;5;1;1;1;5;2;2;2;4;4;1;1;1;2;2;2;1;1;1;4;4;4;4;4;4;4;4;5;4;4;260;180;
cg96l0yv-2023-08-20;2023-08-20;cg96l0yv;7;2;1;2;1;1;2;1;6;5;6;6;7;6;5;6;7;6;7;2;2;2;1;5;6;6;6;6;6;2;2;2;2;1;1;2;1;1;4;6;7;6;3;2;3;1;2;1;1;2;2;1;2;2;3;2;3;2;1;1;2;2;3;2;1;2;2;1;3;1;2;1;1;2;4;4;5;2;1;2;2;1;3;2;1;2;1;2;1;1;1;1;3;2;3;2;1;1;2;1;2;2;1;6;5;5;351;71;9
ufh3d5vq-2023-08-20;2023-08-20;ufh3d5vq;7;2;3;2;3;1;2;2;5;5;7;6;6;6;5;6;6;4;7;2;2;2;3;6;6;7;4;5;4;5;4;5;2;1;1;2;2;1;4;5;5;5;6;5;5;2;1;2;2;3;2;1;2;4;5;5;6;3;3;3;1;3;1;2;2;3;2;3;4;1;2;1;1;3;4;3;4;2;3;3;5;5;4;4;5;6;1;1;1;3;3;2;2;2;2;2;1;2;3;3;2;2;2;4;3;3;214;195;9
novxx0ht-2023-08-20;2023-08-20;novxx0ht;7;1;5;1;3;1;3;1;4;5;7;4;3;3;2;7;7;7;7;2;1;1;6;4;3;5;3;3;4;5;6;6;2;1;1;1;1;1;1;2;3;4;5;5;4;1;1;1;1;1;1;1;1;1;1;1;1;3;5;6;1;1;1;5;1;5;4;2;6;1;1;1;1;4;3;5;3;4;5;5;5;5;3;3;3;3;1;1;1;1;1;1;1;1;2;1;1;1;1;1;1;1;1;4;4;4;137;198;9
xnn9meoc-2023-08-20;2023-08-20;xnn9meoc;7;2;6;5;6;1;5;5;2;4;6;3;4;4;4;5;4;1;2;2;2;2;7;6;5;6;5;4;4;4;2;5;1;1;1;2;1;1;3;4;4;4;6;6;6;6;6;6;6;4;4;4;2;6;4;4;3;5;6;6;6;2;1;6;6;6;6;1;6;1;1;1;2;1;6;6;6;7;7;7;6;6;3;2;3;3;3;3;3;6;5;6;5;5;5;2;2;2;4;4;2;2;2;2;4;3;141;119;9
s7mawzbz-2023-08-20;2023-08-20;s7mawzbz;7;1;2;2;3;1;1;1;6;6;7;6;4;4;5;6;7;7;6;2;1;1;4;5;6;6;6;5;5;5;5;6;1;1;1;4;1;1;2;7;6;6;5;4;4;4;5;4;3;3;5;5;3;6;5;5;4;2;2;3;3;3;1;2;1;2;1;2;2;1;2;2;1;3;1;2;1;2;1;2;3;2;3;2;1;2;1;1;1;1;1;1;1;1;1;3;4;3;3;4;4;3;3;1;1;1;295;139;9
opkf84i3-2023-08-20;2023-08-20;opkf84i3;7;2;2;2;3;5;4;3;5;5;6;5;6;6;6;6;5;6;6;3;3;2;2;5;6;6;;;;3;3;4;3;2;2;2;3;1;3;4;5;6;5;6;5;2;5;5;3;4;3;5;3;5;3;5;6;3;4;3;2;1;2;4;3;4;2;5;6;2;2;4;3;2;5;5;4;4;5;3;2;3;4;3;5;5;2;2;2;2;2;3;3;2;3;3;5;5;5;6;5;5;5;5;3;4;260;168;9
7t9z942g-2023-08-20;2023-08-20;7t9z942g;7;1;4;1;5;1;1;1;4;2;2;2;4;1;1;6;6;4;5;2;1;2;4;5;5;5;;;;1;1;1;1;1;1;1;1;1;5;3;3;2;5;5;5;1;1;1;1;1;1;1;1;3;1;4;3;5;5;5;1;1;1;3;2;4;1;3;5;1;1;2;1;1;1;1;1;4;4;4;2;4;2;2;1;1;1;1;1;3;2;2;1;1;1;1;1;1;1;1;1;1;1;2;3;1;235;515;300
qtmuc7me-2023-08-20;2023-08-20;qtmuc7me;7;2;3;2;6;3;3;2;5;3;5;5;5;5;5;6;7;7;6;2;1;1;2;5;6;5;6;6;6;4;3;3;2;1;1;1;1;1;5;3;3;3;6;6;6;2;3;2;3;2;3;3;2;5;6;6;5;3;5;6;3;5;3;4;3;5;3;3;4;4;4;2;2;3;3;4;3;5;4;3;4;4;5;4;3;4;2;2;1;5;5;4;3;2;2;2;2;2;2;1;3;2;2;2;3;4;300;431;300
5jr233wb-2023-08-20;2023-08-20;5jr233wb;7;2;1;1;3;2;2;2;6;6;6;6;5;6;6;6;7;7;7;2;1;1;1;6;6;7;;;;6;6;6;2;1;1;3;2;2;3;5;5;4;3;2;2;2;3;2;2;1;3;1;2;2;2;4;5;3;2;2;2;3;1;1;1;1;1;1;2;2;2;1;3;2;2;2;2;3;2;2;2;2;2;3;3;2;3;2;3;2;3;3;4;4;3;2;2;3;5;5;3;2;2;5;5;4;210;149;90
sj50i3db-2023-08-20;2023-08-20;sj50i3db;7;6;5;5;4;4;4;4;6;6;6;6;6;6;6;7;6;7;7;1;1;1;1;6;6;6;;;;6;6;6;1;1;1;1;1;1;6;5;5;5;5;4;4;4;4;4;4;4;4;4;4;5;5;5;4;3;2;4;2;2;1;2;2;2;2;2;2;1;1;1;1;1;4;4;4;1;1;1;2;2;2;4;3;3;1;1;1;1;1;1;2;2;1;4;4;4;4;4;4;4;4;4;4;4;171;136;9
i8a30fntv-2023-08-20;2023-08-20;i8a30fntv;7;2;2;3;3;2;2;2;6;6;7;7;6;7;7;6;7;7;7;1;1;1;1;6;6;7;;;;7;6;7;2;1;2;2;1;1;4;7;7;7;4;5;4;6;6;6;5;5;6;5;5;6;5;5;6;2;2;2;2;2;1;2;2;2;2;2;1;1;3;2;3;2;7;6;6;1;2;2;5;5;7;7;6;6;1;1;1;1;1;1;1;1;1;6;6;6;6;6;6;6;7;3;6;5;300;280;280
zuejamns-2023-08-20;2023-08-20;zuejamns;7;3;5;2;6;1;5;6;2;2;4;3;3;3;3;4;4;2;5;4;4;4;3;4;4;4;;;;3;3;3;3;3;3;4;2;2;2;3;3;2;5;3;2;1;1;1;1;1;3;1;1;3;4;4;2;6;4;4;3;5;1;4;4;4;5;2;5;1;1;1;3;3;2;4;2;4;4;4;1;2;1;2;4;4;1;1;1;3;2;2;3;3;3;1;1;1;2;2;2;2;1;1;4;3;213;183;9
b0ul6vmv-2023-08-20;2023-08-20;b0ul6vmv;7;1;1;1;4;1;5;1;6;5;6;6;5;4;3;7;7;7;7;1;1;1;1;5;6;6;;;;5;4;4;1;1;1;4;1;1;5;3;3;3;7;7;7;1;1;1;1;5;4;2;2;4;2;5;3;5;4;4;1;2;1;4;3;2;1;1;1;1;1;1;1;1;1;1;1;4;3;3;4;3;3;2;4;4;1;1;1;4;3;3;5;4;4;4;2;4;3;2;2;1;3;5;3;4;103;140;9
7wt61sa7-2023-08-20;2023-08-20;7wt61sa7;7;2;1;1;2;1;1;1;6;6;6;7;7;6;5;6;7;7;6;1;1;1;1;6;6;6;;;;6;6;6;1;1;1;1;1;1;2;6;6;6;4;3;4;3;1;3;1;1;1;1;1;5;1;5;4;1;1;5;1;1;2;2;1;1;1;1;3;1;1;1;1;1;2;2;2;2;2;2;2;2;1;1;1;1;1;1;1;1;1;1;1;1;1;2;2;2;1;3;1;1;1;3;3;2;205;111;9
3un0nh60-2023-08-20;2023-08-20;3un0nh60;7;2;3;2;5;3;2;6;5;6;6;6;5;5;6;6;7;6;7;1;2;2;1;6;6;7;;;;2;3;2;2;1;2;3;1;2;3;6;6;5;6;6;5;5;4;6;4;6;5;4;3;4;3;5;2;3;2;4;1;3;2;2;1;2;1;3;4;1;1;1;2;2;5;5;3;3;4;4;3;4;2;4;3;2;1;1;1;3;2;2;3;2;4;5;3;2;4;3;5;3;5;6;6;3;150;95;9
0tv2k8fm-2023-08-20;2023-08-20;0tv2k8fm;7;1;2;1;2;1;1;1;7;6;7;6;6;6;6;6;7;7;7;1;1;1;1;7;7;6;;;;5;6;5;1;1;1;1;1;1;6;7;7;6;5;6;5;5;4;5;5;3;3;3;3;6;5;6;7;3;2;2;2;1;1;1;1;1;1;3;2;1;1;1;3;2;6;6;6;1;1;1;2;2;5;5;3;3;1;1;1;4;4;4;1;1;1;3;3;3;2;3;2;1;2;3;4;3;144;144;9
4a32ilil-2023-08-20;2023-08-20;4a32ilil;7;4;4;2;4;3;4;2;5;5;5;5;5;5;5;7;7;7;6;1;1;1;2;6;6;6;5;5;5;4;4;4;3;1;2;1;1;1;4;5;4;4;6;5;5;2;4;2;2;2;2;2;3;4;4;4;4;4;4;4;2;2;1;2;2;2;1;4;4;2;1;1;2;1;2;2;2;2;2;2;5;5;3;2;2;2;1;1;1;1;1;1;1;1;1;2;2;2;2;2;2;2;2;3;2;2;360;260;300
co1kkwnm-2023-08-20;2023-08-20;co1kkwnm;7;1;1;1;1;1;1;1;6;7;7;6;7;7;7;5;6;7;7;2;1;1;5;7;7;7;;;;7;5;5;1;1;1;2;2;2;4;4;4;4;7;7;7;4;4;4;4;4;4;4;4;5;5;4;6;2;1;7;1;1;1;1;1;1;1;4;3;1;1;1;1;3;6;5;5;4;4;4;4;4;1;1;1;1;1;1;1;1;1;1;1;1;1;3;2;1;1;1;2;2;2;1;2;6;229;124;150
ow00k76e-2023-08-20;2023-08-20;ow00k76e;7;1;2;1;3;2;1;1;5;4;5;5;3;3;2;7;7;6;6;1;1;1;2;6;6;6;;;;4;5;5;1;1;1;2;2;1;4;3;4;4;7;6;6;2;2;1;1;1;2;2;1;4;3;3;3;3;3;3;2;2;1;2;1;1;1;2;4;2;5;5;5;5;3;2;2;5;5;4;7;7;5;4;5;5;2;2;2;2;2;3;2;1;2;3;2;2;2;2;2;2;2;3;3;4;120;148;9
a7djbuuy-2023-08-20;2023-08-20;a7djbuuy;7;2;2;2;2;3;2;1;5;6;6;6;5;5;5;7;7;7;7;2;2;2;1;5;5;6;6;6;6;7;7;7;3;3;2;3;2;2;2;6;6;6;4;5;5;7;7;7;6;6;6;6;6;6;6;6;6;4;4;4;2;1;1;1;1;1;1;1;2;1;1;2;1;1;6;6;6;2;2;1;4;4;5;5;4;5;2;2;1;1;1;1;1;1;1;6;6;5;7;7;7;6;6;7;6;7;267;62;9
r93hhk9b-2023-08-20;2023-08-20;r93hhk9b;7;1;6;1;7;4;6;3;5;3;4;5;3;3;1;7;6;6;7;2;2;1;1;6;6;6;;;;6;5;5;1;1;1;4;3;1;3;2;3;1;3;3;3;2;2;2;2;2;2;1;2;4;3;3;4;6;6;5;5;5;1;5;1;3;6;1;7;1;4;1;2;5;3;4;3;3;3;3;4;6;3;4;4;4;1;1;1;4;4;4;5;5;5;4;3;3;4;4;3;3;2;1;4;4;208;377;9
tjgkdcal-2023-08-21;2023-08-21;tjgkdcal;7;1;1;1;2;1;1;1;4;4;4;4;4;4;4;7;7;7;7;1;1;1;1;5;5;4;;;;4;4;5;1;1;1;1;1;1;3;5;5;5;3;3;3;1;1;1;1;1;1;1;1;3;3;3;3;1;1;1;1;1;1;1;1;1;1;1;1;1;1;1;1;3;2;2;2;1;1;1;2;1;1;1;1;1;1;1;1;1;1;1;1;1;1;2;2;2;1;1;1;1;1;1;1;1;362;144;9
a9yyzqbk-2023-08-21;2023-08-21;a9yyzqbk;7;1;1;1;1;1;1;3;6;6;6;6;6;5;5;6;7;7;5;2;1;1;1;6;5;5;7;7;6;7;7;7;1;1;1;1;1;1;3;4;4;4;3;4;3;4;4;5;4;3;3;3;3;3;3;3;2;6;6;2;1;1;1;1;1;1;1;6;1;1;1;1;1;1;3;3;3;3;4;2;2;2;2;2;3;3;2;3;3;2;2;3;1;1;1;3;2;2;2;3;3;1;2;2;2;1;253;281;9
bg408898-2023-08-21;2023-08-21;bg408898;7;2;2;1;2;2;2;3;5;6;6;5;6;6;6;6;7;7;7;1;1;1;3;6;7;7;6;6;6;6;6;4;1;1;1;1;1;1;3;6;6;5;4;5;5;5;5;4;3;3;4;2;4;5;5;5;6;2;3;3;2;1;1;2;2;1;1;1;2;1;1;1;1;1;5;5;5;1;1;1;2;3;5;5;4;4;1;1;1;1;1;1;1;1;1;4;3;4;4;5;3;5;4;1;1;6;259;212;215
qk5zjd3l-2023-08-21;2023-08-21;qk5zjd3l;7;1;4;1;3;1;1;1;6;6;6;7;7;7;4;6;6;6;7;1;3;1;2;7;7;7;7;7;7;7;7;7;1;1;1;1;1;1;4;5;5;5;5;5;5;7;7;4;7;7;6;6;5;4;2;4;6;4;5;6;1;1;1;1;6;3;1;4;1;1;1;1;4;5;7;7;7;1;1;1;4;4;4;4;4;4;1;1;1;1;1;1;1;1;1;3;5;5;7;7;7;7;7;7;7;5;240;220;9
aon1zmsz-2023-08-21;2023-08-21;aon1zmsz;7;2;4;1;5;2;3;1;6;6;7;7;6;6;7;4;6;7;6;3;1;1;1;7;7;7;;;;6;5;6;1;1;1;6;2;1;6;5;4;5;5;5;6;2;1;1;4;3;3;2;2;2;2;5;6;4;4;5;3;1;1;2;3;3;1;4;5;1;1;1;4;1;5;3;4;4;3;4;5;6;5;4;4;5;1;1;1;4;3;3;2;3;3;1;2;1;5;4;4;5;4;2;4;4;200;125;90
hdrcl00f-2023-08-21;2023-08-21;hdrcl00f;7;1;4;3;5;5;4;5;2;2;6;2;2;2;2;4;3;3;6;3;2;2;1;4;4;3;4;4;4;2;2;2;1;1;1;2;2;1;3;3;3;4;3;5;5;1;1;1;1;2;2;1;1;1;1;1;2;5;5;5;3;2;2;3;4;4;3;3;5;1;2;4;3;4;1;1;1;5;5;5;5;5;3;3;4;4;1;1;1;4;4;4;3;3;3;1;1;1;1;1;1;2;1;3;1;1;279;346;9
b9n7zhy7-2023-08-21;2023-08-21;b9n7zhy7;7;2;5;5;6;2;5;4;3;3;5;4;4;4;4;6;5;5;5;2;2;2;5;4;4;4;4;3;5;4;4;4;2;2;2;2;2;2;5;3;3;3;6;5;5;2;2;2;2;2;2;2;2;5;5;5;5;5;5;5;5;5;2;3;5;5;5;3;6;2;5;1;2;4;2;2;2;5;5;5;6;6;4;4;5;5;2;2;2;6;6;6;5;5;5;3;2;2;4;4;3;3;3;5;3;3;190;200;9
dyjbxj30-2023-08-21;2023-08-21;dyjbxj30;7;2;2;1;3;4;2;2;5;7;7;6;7;5;5;7;7;7;7;1;1;1;1;7;7;7;4;4;;5;5;5;1;1;1;1;1;1;1;4;4;4;5;5;5;1;2;1;1;1;1;1;1;1;1;1;1;3;3;4;1;1;1;1;1;3;2;2;2;3;1;1;1;1;1;1;1;1;1;1;1;1;1;1;1;1;1;1;1;1;1;1;1;1;1;1;1;1;1;1;1;1;1;6;7;7;157;131;9
3earzi2q-2023-08-21;2023-08-21;3earzi2q;7;2;2;2;2;2;2;2;6;6;5;6;6;5;5;6;6;6;6;2;1;1;1;6;5;5;5;5;5;7;6;6;2;1;1;5;1;1;6;6;6;6;6;6;6;1;1;1;1;1;1;1;1;3;2;4;1;2;2;4;2;1;1;1;2;1;1;2;2;1;1;2;2;2;4;3;4;1;1;1;3;4;2;2;4;4;2;2;2;2;2;2;1;1;1;2;1;1;3;3;1;1;1;3;3;3;130;80;9
4qkfgf9x-2023-08-21;2023-08-21;4qkfgf9x;7;2;2;2;3;3;3;3;4;4;4;5;5;5;5;6;6;6;6;1;2;1;1;4;4;4;1;1;1;4;4;4;1;1;1;2;1;1;3;4;4;5;3;3;3;3;3;1;3;4;5;5;2;4;4;4;4;3;3;5;2;1;1;2;3;3;3;2;4;1;1;1;2;2;2;3;3;3;4;3;4;4;3;2;3;3;1;1;1;2;3;3;1;2;3;3;3;4;4;4;4;3;4;3;3;2;250;296;9
s46wqsjv-2023-08-21;2023-08-21;s46wqsjv;7;1;1;1;1;1;1;2;6;6;6;6;6;6;6;7;7;7;7;1;1;1;3;7;7;7;7;7;7;5;5;5;1;1;1;1;1;1;6;5;2;5;6;5;5;6;6;6;4;4;4;3;3;4;4;4;4;3;3;3;1;1;1;1;1;1;1;1;1;1;1;1;3;3;5;5;5;1;1;1;1;1;1;4;3;3;1;1;1;1;1;1;1;1;1;1;1;1;1;1;3;2;2;3;2;2;404;404;350
wq1zl4vu-2023-08-21;2023-08-21;wq1zl4vu;7;1;5;1;5;3;3;3;6;6;6;6;6;6;6;7;7;7;7;1;1;1;1;6;6;6;6;;;3;5;4;2;1;1;2;2;2;4;3;4;4;7;7;7;1;1;1;1;1;1;1;1;5;2;6;2;6;6;6;2;1;6;1;1;1;1;6;1;1;1;3;3;6;1;1;1;1;1;1;6;6;3;3;1;1;1;1;1;1;1;1;1;1;1;2;1;1;2;2;2;2;2;3;1;1;450;350;300
qgrd9dcv-2023-08-21;2023-08-21;qgrd9dcv;7;1;2;1;3;1;1;1;6;6;6;6;6;6;6;7;6;6;6;1;1;1;1;7;7;7;6;6;6;6;6;5;1;1;1;1;1;1;3;4;4;5;5;5;5;1;1;1;1;1;1;1;1;4;4;4;5;3;1;2;2;3;1;1;1;2;1;3;2;1;2;2;1;3;2;1;1;1;1;1;3;2;2;2;2;2;1;1;1;1;1;1;1;1;1;1;1;1;1;1;1;1;1;1;1;1;100;87;9
umdvb0yp-2023-08-21;2023-08-21;umdvb0yp;7;2;2;3;4;3;2;2;5;6;6;6;6;5;5;6;5;5;6;2;1;1;2;2;3;2;;;;5;6;4;3;1;1;3;2;2;3;5;6;5;5;6;7;2;1;1;2;2;1;1;1;4;4;5;5;5;6;5;5;4;1;2;2;1;2;5;3;1;1;3;1;2;4;3;3;2;3;2;5;4;5;3;3;2;1;2;2;2;1;2;1;1;1;1;1;2;3;3;2;1;1;1;1;2;177;170;9
3m5pn7i2-2023-08-21;2023-08-21;3m5pn7i2;7;2;3;2;2;1;1;1;6;5;6;5;6;6;6;6;4;4;6;2;2;2;4;6;6;7;;;;6;6;6;2;2;2;1;1;1;2;7;7;6;6;6;7;6;7;2;5;7;6;7;7;6;5;7;6;2;5;4;1;1;1;1;1;2;1;2;1;1;1;1;1;1;5;6;6;1;2;1;3;2;5;5;2;2;1;1;1;1;1;2;1;1;1;5;5;6;6;7;5;4;6;3;4;5;316;168;9
ki38tijo-2023-08-21;2023-08-21;ki38tijo;7;3;3;3;3;3;3;3;5;6;5;6;5;6;5;5;4;6;6;3;2;2;2;5;6;5;5;5;5;5;5;5;3;3;3;2;2;2;5;5;5;5;5;5;5;5;4;4;4;4;4;4;4;3;4;3;4;4;5;3;3;3;2;3;3;2;3;3;5;3;3;4;4;4;5;5;5;3;3;3;3;5;5;5;5;5;3;2;3;3;3;3;3;3;3;4;4;3;5;5;5;5;5;5;5;5;330;305;9
94n22lgx-2023-08-21;2023-08-21;94n22lgx;7;1;6;1;5;1;1;1;7;7;7;7;7;7;7;7;7;7;7;1;1;1;1;7;7;7;;;;7;7;7;1;1;1;1;1;1;5;6;5;4;5;5;5;1;1;1;1;1;1;1;1;5;6;7;7;5;3;6;1;1;1;1;1;1;1;4;5;1;1;5;1;5;3;3;3;1;1;1;5;7;5;5;3;3;1;1;1;1;1;1;1;1;1;1;1;1;4;4;1;1;1;7;3;5;438;300;180
feq36klz-2023-08-21;2023-08-21;feq36klz;7;1;1;1;1;1;1;1;7;7;7;7;7;7;7;7;7;7;7;1;1;1;1;7;7;7;;;;7;7;7;1;1;1;1;1;1;1;5;4;5;1;1;1;1;3;3;1;1;1;1;1;1;1;1;1;1;1;1;1;1;1;1;1;1;1;1;1;1;3;4;3;4;2;1;1;1;1;1;1;1;1;1;1;1;1;1;1;1;1;1;1;1;1;1;1;1;1;1;1;1;1;1;1;1;75;75;75
j1koq9uc-2023-08-21;2023-08-21;j1koq9uc;7;2;2;3;1;2;3;2;6;5;5;5;6;5;4;7;6;6;7;2;2;1;1;6;6;5;6;5;5;5;6;7;1;1;1;1;2;1;1;5;5;6;5;5;6;2;2;3;2;2;1;1;2;2;2;4;3;3;4;4;2;3;1;1;1;1;1;1;3;1;5;1;2;4;3;3;3;2;1;1;3;2;2;3;2;4;1;1;1;1;1;1;1;1;1;1;3;1;2;1;1;1;1;5;1;1;100;100;100
brmx2ixc-2023-08-21;2023-08-21;brmx2ixc;7;3;2;1;4;2;2;2;6;5;7;7;7;6;5;6;6;4;7;2;2;3;2;6;7;6;;;;4;6;4;2;1;1;3;2;1;4;6;6;4;4;2;4;5;2;1;5;1;1;4;3;3;2;5;4;2;4;2;1;1;1;3;2;4;1;3;2;1;4;1;2;2;3;1;1;2;2;2;4;3;2;2;6;6;4;4;4;1;1;1;1;1;1;4;2;2;4;4;3;2;2;2;1;1;197;92;9
bgem2afq-2023-08-21;2023-08-21;bgem2afq;7;1;1;1;7;7;7;4;7;7;7;7;7;7;7;7;7;7;7;1;1;1;1;7;7;7;7;7;7;7;7;7;1;1;1;1;1;1;7;7;7;7;7;7;7;7;7;7;7;7;7;7;7;7;7;7;7;7;7;7;1;1;6;1;1;1;1;6;7;3;1;1;7;7;7;7;7;1;1;1;7;7;7;7;7;7;1;1;1;1;1;1;1;1;1;7;7;7;7;7;7;7;7;7;7;7;179;9;9
yitz6az1-2023-08-21;2023-08-21;yitz6az1;7;1;4;2;6;2;2;2;5;5;6;4;6;6;5;6;5;5;5;2;3;2;3;5;5;5;4;4;4;4;4;4;3;2;2;3;2;3;3;4;4;4;2;6;6;2;2;2;3;3;3;3;3;5;5;4;4;5;5;6;3;4;3;3;2;5;3;4;6;2;3;5;2;3;3;3;2;3;4;2;3;4;5;4;4;5;2;5;5;3;3;3;3;4;3;3;3;3;3;3;3;3;3;5;4;3;152;185;9
lvzl3ab2-2023-08-21;2023-08-21;lvzl3ab2;7;3;3;2;5;5;3;1;5;6;6;5;7;2;1;5;7;7;7;1;1;1;1;7;7;1;7;7;1;3;4;2;1;1;1;1;1;1;6;5;6;6;7;7;7;1;4;3;1;1;1;1;1;4;3;7;7;5;7;6;5;1;1;4;1;5;6;3;7;1;1;1;3;1;5;4;4;2;6;4;6;5;7;6;7;7;1;1;1;1;1;1;1;1;1;1;3;4;2;2;1;1;1;1;2;1;;211;211
lmbrj3k3-2023-08-21;2023-08-21;lmbrj3k3;7;2;2;2;4;1;1;4;6;7;7;7;7;7;7;7;7;7;7;1;1;1;1;7;7;7;;;;6;7;6;1;1;1;2;2;1;1;5;5;5;6;7;7;2;1;1;2;6;6;5;2;5;5;5;1;4;5;5;2;2;1;3;2;2;1;6;5;1;2;2;2;2;1;4;1;4;4;5;5;5;2;2;4;5;2;2;2;5;2;3;3;3;3;1;1;1;2;5;6;5;5;3;3;4;194;154;9
b6qf9a7z-2023-08-21;2023-08-21;b6qf9a7z;7;3;5;2;7;2;4;2;3;2;4;4;3;3;2;4;4;4;6;2;1;1;3;6;6;6;7;7;7;3;2;2;1;1;1;1;1;1;5;1;1;1;5;6;6;2;2;2;2;2;3;2;1;1;1;1;2;7;7;7;3;6;6;6;6;6;7;5;7;1;6;2;3;5;2;2;1;6;6;6;3;3;2;3;6;5;1;1;1;6;6;5;2;2;2;1;1;1;1;1;2;2;1;4;1;2;244;282;9
xrlbemmt-2023-08-21;2023-08-21;xrlbemmt;7;2;6;2;4;3;5;3;3;2;5;3;3;3;3;2;2;2;1;3;3;2;7;4;4;6;;;;3;3;3;2;2;2;6;2;2;4;3;3;6;5;5;5;3;3;3;5;4;6;5;3;5;4;5;5;4;5;5;3;5;1;2;6;5;5;7;5;1;2;1;5;5;5;5;5;3;2;2;5;5;6;5;6;6;2;2;1;3;3;3;2;2;2;3;2;3;4;5;4;3;4;6;6;6;255;184;9
zqa8hh1u-2023-08-21;2023-08-21;zqa8hh1u;7;2;2;1;2;2;1;1;6;7;7;7;7;7;7;7;7;7;5;1;1;1;1;7;7;7;;;;7;7;7;1;1;1;1;1;1;3;5;5;5;7;7;7;2;2;2;5;4;4;4;3;6;5;6;6;2;5;5;1;1;1;1;1;1;1;1;3;1;1;1;1;3;5;2;5;2;2;2;5;5;5;5;5;5;1;1;1;1;1;1;1;1;1;4;4;4;5;5;4;4;4;5;5;3;100;100;
1s53kqrd-2023-08-21;2023-08-21;1s53kqrd;7;2;2;1;5;2;3;3;6;6;7;6;7;6;6;5;7;4;7;2;3;1;1;6;6;7;3;;;4;4;5;2;1;2;3;2;2;5;5;5;6;5;5;5;6;5;2;1;2;1;1;2;4;4;5;5;5;7;5;6;5;2;4;4;3;4;5;5;1;5;1;2;3;5;3;3;5;5;5;5;6;2;3;5;5;1;1;1;5;5;6;5;5;5;2;1;2;3;2;3;2;2;3;4;3;300;290;290
3f2pw4eh-2023-08-21;2023-08-21;3f2pw4eh;7;1;1;1;3;2;2;2;5;4;5;4;5;4;5;5;6;6;6;2;2;1;1;4;4;4;4;4;4;5;4;4;1;1;1;1;1;1;3;5;5;5;2;5;5;3;3;3;2;2;2;2;2;4;4;4;4;2;3;3;1;1;1;1;1;1;1;1;1;1;2;1;1;3;5;5;5;3;4;2;4;4;4;4;4;5;1;1;1;1;1;1;1;1;1;3;2;2;4;4;4;4;4;5;4;2;222;202;9
u7ex9vw3-2023-08-21;2023-08-21;u7ex9vw3;7;1;6;1;6;5;4;5;4;4;4;4;3;3;4;7;7;7;7;1;1;1;2;6;6;6;7;7;7;5;5;5;1;1;4;4;4;4;1;4;4;4;1;7;7;4;4;1;1;4;4;4;4;4;4;4;4;7;7;7;6;5;4;1;1;1;7;6;6;1;6;1;1;4;4;3;4;4;4;4;7;7;1;1;4;4;1;1;1;1;1;1;1;1;1;2;1;1;4;4;1;1;1;1;1;1;332;267;180
v9c94oi2-2023-08-21;2023-08-21;v9c94oi2;7;3;4;3;4;3;3;3;5;5;5;5;4;4;4;5;5;5;6;2;2;2;1;5;5;5;;;;4;4;4;2;2;2;2;2;2;4;4;4;4;4;4;4;3;3;3;3;3;3;3;3;4;4;4;4;4;4;4;3;3;2;3;3;4;5;3;4;2;2;2;2;2;3;3;3;3;3;3;4;4;3;3;4;4;2;2;2;2;2;2;2;2;2;2;2;2;4;4;3;3;3;4;4;4;164;186;150
wyrqce33-2023-08-21;2023-08-21;wyrqce33;7;2;3;4;4;2;1;1;6;6;6;6;5;5;5;4;5;5;7;5;4;2;2;6;7;6;5;5;5;5;5;5;5;1;1;1;1;1;4;6;6;6;4;4;6;6;4;4;5;5;4;4;5;6;2;6;6;5;5;7;4;3;1;1;2;3;4;5;5;1;1;2;4;3;6;6;6;1;1;1;5;5;6;2;5;5;1;1;1;1;1;1;1;1;1;5;6;5;6;6;5;6;6;7;5;6;398;251;9
5781iok6-2023-08-21;2023-08-21;5781iok6;7;1;3;2;5;2;4;4;5;6;5;7;6;6;5;5;5;2;4;2;1;1;1;6;6;6;6;6;5;4;4;4;5;4;1;2;2;2;4;5;4;3;5;6;6;2;2;2;2;2;1;2;2;3;2;2;2;5;6;6;4;6;1;2;1;1;3;3;5;1;2;1;5;5;3;2;3;4;3;4;6;4;4;3;4;6;1;1;1;4;3;3;1;1;1;2;1;2;2;2;2;2;2;1;1;1;175;155;100
9f7vos0d-2023-08-21;2023-08-21;9f7vos0d;7;1;1;1;1;1;1;1;7;6;6;7;6;4;2;5;6;7;7;3;2;3;1;5;6;6;5;6;6;6;6;5;1;2;2;3;1;1;3;6;6;6;3;5;5;3;3;1;3;2;2;3;1;5;3;4;5;1;2;2;1;1;1;2;2;1;1;2;1;1;1;2;3;3;3;1;1;1;1;1;1;3;1;2;1;1;1;1;1;1;1;1;1;1;1;3;3;2;3;4;2;3;1;1;2;2;270;148;150
5hpf09hu-2023-08-21;2023-08-21;5hpf09hu;7;2;2;1;3;2;2;3;5;4;4;4;4;3;3;5;6;6;7;2;3;1;1;4;5;5;;;;5;4;5;1;1;1;3;2;2;2;5;4;3;5;6;5;1;2;2;1;2;1;1;1;3;2;2;3;2;4;2;2;1;1;1;1;2;1;1;4;1;1;1;3;4;1;2;1;1;2;2;5;4;1;2;1;5;1;2;1;1;2;1;1;2;2;1;1;1;2;2;1;1;1;6;6;2;163;152;150
8nj3n9o9-2023-08-21;2023-08-21;8nj3n9o9;7;2;1;1;2;3;1;3;6;4;7;6;7;6;6;7;5;5;7;3;2;5;2;5;5;5;4;5;5;6;5;5;2;4;3;2;1;5;2;7;6;4;2;2;1;2;1;2;2;2;3;3;4;2;1;2;4;2;1;2;1;1;3;1;2;1;2;1;2;1;1;2;2;3;3;4;4;2;1;1;1;2;3;3;3;3;2;2;2;3;2;2;2;2;2;5;6;4;4;5;5;6;4;6;6;3;100;100;
l6r06rwy-2023-08-21;2023-08-21;l6r06rwy;7;2;2;1;1;1;1;2;6;6;7;6;5;3;2;7;6;6;7;1;1;1;1;7;7;7;;;;6;5;6;1;1;1;1;1;1;4;4;4;4;5;6;6;1;1;1;1;1;1;1;1;2;1;1;3;1;1;5;1;1;1;1;1;3;1;1;1;1;1;1;1;1;4;4;4;1;1;1;5;5;3;2;4;3;1;1;1;1;1;1;1;1;1;1;1;1;3;3;4;4;4;1;1;1;162;89;9
f1z6cgrg-2023-08-21;2023-08-21;f1z6cgrg;7;1;2;2;2;2;2;2;7;7;7;7;7;7;7;7;7;7;7;1;1;1;1;7;7;7;7;7;7;7;7;7;1;1;1;1;1;1;2;6;6;6;7;7;7;7;7;7;6;6;6;6;6;2;2;2;2;2;5;7;2;1;1;1;1;1;1;1;1;1;1;1;1;1;1;1;1;1;1;1;1;1;1;1;1;1;1;1;1;1;1;1;1;1;1;1;1;1;2;2;2;2;2;2;2;2;224;139;130
g8f3jtp6-2023-08-21;2023-08-21;g8f3jtp6;7;2;4;3;5;3;3;1;5;5;5;5;5;5;5;4;4;4;3;5;3;3;5;5;5;6;5;5;4;2;2;2;3;3;3;2;2;2;3;5;4;4;5;5;5;2;2;2;5;5;5;2;5;5;3;5;5;5;5;5;5;5;2;2;3;2;5;5;3;1;5;1;3;5;2;2;2;3;3;3;4;4;3;2;2;2;2;2;2;5;5;5;2;2;2;2;2;2;5;5;2;2;2;2;2;2;182;131;9
qvvlfw37-2023-08-21;2023-08-21;qvvlfw37;7;1;3;1;2;5;5;1;5;6;7;6;7;5;5;7;4;7;7;1;1;1;1;4;4;4;4;4;4;7;7;7;1;1;1;4;4;4;4;5;5;6;4;4;4;4;4;4;5;4;4;4;4;4;4;4;4;3;4;5;1;1;4;1;2;1;1;1;3;1;1;1;1;1;4;2;4;3;4;1;3;5;3;3;3;3;4;4;4;1;1;1;1;1;1;4;4;4;4;4;4;4;4;5;4;4;80;75;9
7n2r5lp0-2023-08-21;2023-08-21;7n2r5lp0;7;2;1;1;2;1;2;4;7;7;6;7;7;6;2;7;7;5;6;1;1;1;1;7;7;6;6;7;7;4;6;5;1;1;1;3;2;2;6;5;6;6;6;7;7;5;5;3;5;5;6;4;2;6;5;5;6;2;3;2;1;2;3;3;4;5;3;2;1;1;1;4;1;3;1;1;2;3;2;1;6;7;5;4;4;4;1;1;1;1;1;1;1;1;1;2;2;1;3;2;3;5;4;3;3;2;196;193;9
e50v22q3-2023-08-21;2023-08-21;e50v22q3;7;1;1;1;2;5;7;7;4;2;5;5;3;4;6;3;6;3;1;1;1;1;6;2;6;2;;;;1;1;1;2;2;1;2;4;1;1;4;4;4;2;1;3;1;2;2;2;3;3;6;4;3;2;2;5;1;3;2;2;1;1;1;1;3;1;3;7;1;1;1;1;2;2;3;2;3;5;5;2;5;2;2;5;4;1;1;1;4;2;2;1;1;1;1;1;1;1;1;1;1;1;1;1;5;272;272;9
2a1rzb5r-2023-08-21;2023-08-21;2a1rzb5r;7;1;1;1;3;2;1;1;6;7;7;6;6;3;7;1;6;2;5;1;1;1;1;6;7;7;;;;5;5;6;3;1;1;5;6;1;5;6;4;4;7;7;7;1;1;1;1;1;1;1;1;6;3;7;5;1;5;1;1;1;1;1;1;1;1;1;1;1;1;3;3;1;3;3;5;1;1;1;1;1;6;7;7;7;1;1;1;2;1;1;1;1;1;1;1;1;1;1;1;1;1;1;1;1;75;103;9
tivlxp3y-2023-08-21;2023-08-21;tivlxp3y;7;1;2;1;2;2;2;4;3;3;6;3;5;4;6;5;3;4;6;3;3;3;2;6;6;6;;;;6;6;6;5;2;1;1;1;1;2;6;6;4;4;2;3;4;4;2;4;2;2;3;2;2;2;2;6;1;1;4;1;1;1;1;1;1;1;2;1;1;1;1;2;1;2;1;3;1;1;1;2;2;1;1;1;1;1;1;1;1;1;1;1;1;1;2;2;2;4;4;2;2;2;4;2;3;242;107;9
0twxijzt-2023-08-21;2023-08-21;0twxijzt;7;1;1;1;3;3;4;2;4;4;3;4;4;4;4;5;7;7;7;1;1;1;1;4;4;4;;;;4;4;4;1;1;1;3;3;1;3;3;5;5;6;6;6;1;1;1;1;1;1;1;1;3;1;4;3;4;5;6;1;4;1;1;2;1;3;1;4;1;1;1;3;1;1;2;1;4;4;4;3;3;1;1;1;1;1;1;1;4;4;3;3;3;3;1;1;1;1;1;1;1;1;3;1;1;248;316;9
a1srbva3-2023-08-21;2023-08-21;a1srbva3;7;5;3;4;3;4;5;4;6;5;5;5;5;5;5;6;5;5;5;2;2;2;3;5;5;5;5;5;5;5;4;4;3;1;3;2;3;3;3;3;3;3;5;5;6;4;3;3;3;2;2;3;2;4;4;4;3;6;6;5;3;4;2;5;5;5;5;5;5;3;5;4;3;4;2;2;3;3;2;3;5;5;3;3;5;5;4;2;3;3;1;2;2;3;3;2;2;3;2;2;4;3;4;3;3;3;174;162;120
41mquity-2023-08-21;2023-08-21;41mquity;7;1;1;1;2;1;1;1;6;5;6;5;5;5;5;5;6;5;5;2;2;1;4;7;7;7;;;;5;5;5;1;1;1;1;1;1;5;6;6;6;6;6;7;3;3;3;2;2;2;2;2;6;6;7;7;2;2;6;2;1;1;3;2;1;1;3;2;1;1;1;1;3;5;4;4;1;1;1;3;3;4;4;4;5;1;1;1;1;1;1;1;1;1;2;2;2;2;2;2;2;2;2;4;4;231;178;9
goy9ig42-2023-08-21;2023-08-21;goy9ig42;7;2;3;2;2;2;3;2;5;4;6;5;5;5;5;6;6;6;6;2;2;2;2;6;6;6;;;;6;5;5;2;2;2;3;3;3;4;5;5;5;5;5;5;5;5;5;5;5;5;5;5;5;5;5;5;3;3;3;3;3;2;3;3;3;3;3;4;3;2;2;2;2;5;5;5;3;3;3;5;5;5;5;5;5;3;3;3;3;3;3;3;3;3;3;3;4;2;2;3;3;3;5;3;5;289;198;9
97s66r96-2023-08-22;2023-08-22;97s66r96;7;1;2;1;1;1;1;3;5;5;7;6;6;5;6;5;6;6;6;2;1;1;2;5;5;5;;;;2;3;4;2;1;1;1;1;1;1;5;5;4;1;1;1;1;1;1;1;1;1;2;1;3;3;3;4;1;1;1;1;1;1;1;1;1;1;1;1;1;1;1;1;1;1;1;1;4;3;4;1;4;1;1;1;1;1;1;1;2;2;2;1;1;1;1;2;1;1;1;1;1;1;2;2;2;650;277;200
